type,location,bedrooms,title,old_price,new_price,pct_change,listing_url
price_change,Old Ikoyi,4,Newly Built 4 Bedroom Semi Detached Duplex Ikota Lekki Lagos Newly Built 4 Bedroom Semi Detached Duplex / House FOR RENT,7000000,11000000,57.1,https://propertypro.ng/agent/anulika-favour
price_change,Old Ikoyi,5,5bed Detached+bq.. Old Ikoyi Ikoyi Lagos 5bed Detached+bq.. / House FOR SALE,1300000000,5000000000,284.6,https://propertypro.ng/agent/tofade-dolapo
price_change,Old Ikoyi,,Five Bedroom Fully Detached Duplex Chevron Lekki Lagos Five Bedroom Fully Detached Duplex / House FOR SALE,840000,450000000,53471.4,https://propertypro.ng/agent/angel-mercy
price_change,Victoria Island,3,3 Bedroom Apartment With Bq Oniru Victoria Island Lagos 3 Bedroom Apartment With Bq / Flat / Apartment FOR SALE,400000000,450000000,12.5,https://propertypro.ng/agent/christian-onichakwe
price_change,Maitama,4,Newly Built 4 Bedroom Penthouse With Pool/cinema/bq Akobo Ibadan Oyo Newly Built 4 Bedroom Penthouse With Pool/cinema/bq / House FOR SALE,175000000,380000000,117.1,https://propertypro.ng/agent/ayomide-oseni
price_change,Victoria Island,3,Luxury 3 Bedroom Apartments Victoria Island Lagos Luxury 3 Bedroom Apartments / Flat Apartment FOR Sale,350000000,750000000,114.3,https://propertypro.ng/agent/sunwealth-real-estate-limited
new_listing,Lekki Phase 1,,Off Plan Two Bedroom Apartment Investment Ilasan Ikate Lekki Ikate Lekki Lagos Off Plan Two Bedroom Apartment Investment / Flat / Apartment FOR SALE,,170000000,,https://propertypro.ng/agent/linus-precious
new_listing,Victoria Island,2,2 Bedroom Penthouse Apartment Victoria Island Lagos 2 Bedroom Penthouse Apartment / Flat Apartment FOR Rent,,20000000,,https://propertypro.ng/agent/landlord-hero1
new_listing,Victoria Island,,Modern Four Bedroom Duplex Off Joel Ogunnaike Ikeja Gra Ikeja Lagos Modern Four Bedroom Duplex / House FOR RENT,,20000000,,https://propertypro.ng/agent/ade-tola1
price_change,Ikeja GRA,5,"5 Bedroom Apartment 4th Avenue, 3rd Close, Federal Housing Estate (malaysia Estate) Oshimili North Delta 5 Bedroom Apartment / House FOR SALE",280000000,500000000,78.6,https://propertypro.ng/agent/chrysla-development
new_listing,Asokoro,2,2 Bedroom Furnished Shared Apartment Ikate Lekki Lagos 2 Bedroom Furnished Shared Apartment / Flat / Apartment FOR RENT,,800000,,https://propertypro.ng/agent/curtain-homes
new_listing,Asokoro,5,Newly Built 5 Bedroom Duplex Enugu Enugu Newly Built 5 Bedroom Duplex / House FOR SALE,,210000000,,https://propertypro.ng/agent/uchay-properties
new_listing,Asokoro,5,5 Bedroom Detached Duplex With Pool And Cinema Osapa London Lekki Lagos 5 Bedroom Detached Duplex With Pool And Cinema / House FOR SALE,,1700000000,,https://propertypro.ng/agent/nna-juliet
price_change,Asokoro,2,2 Bedroom Flat Asokoro Main Asokoro Abuja 2 Bedroom Flat / Flat Apartment FOR Rent,25000000,14000000,-44.0,https://propertypro.ng/agent/first-capital-city-realtors2
new_listing,Maitama,2,"Decent 2bedroom Flat ( Tarred Road ) 6th Avenue, Gwarinpa, Abuja Gwarinpa Abuja Decent 2bedroom Flat ( Tarred Road ) / Flat / Apartment FOR RENT",,6000000,,https://propertypro.ng/agent/value-property
new_listing,Banana Island,3,". Curated Exclusively for the Wealthy. a 3-Bedroom Apartment with BQ, Banana Island, Ikoyi, Lagos Added today 3 beds 3 baths 4 toilets Marketbooy of Lagos Realty Limited Premium 21",,720000000,,https://nigeriapropertycentre.com/for-sale/flats-apartments/lagos/ikoyi/banana-island/3637472-25-units-of-luxury-apartments
new_listing,Banana Island,3,". Curated Exclusively for the Wealthy. a 3-Bedroom Apartment with BQ, Banana Island, Ikoyi, Lagos Added today 3 beds 3 baths 4 toilets Marketbooy of Lagos Realty Limited Premium 21",,720000000,,https://nigeriapropertycentre.com/for-sale/flats-apartments/lagos/ikoyi/banana-island/3421281-views-of-lagos-lagoon-iconic-ikoyi-bridge
new_listing,Banana Island,3,". Curated Exclusively for the Wealthy. a 3-Bedroom Apartment with BQ, Banana Island, Ikoyi, Lagos Added today 3 beds 3 baths 4 toilets Marketbooy of Lagos Realty Limited Premium 21",,720000000,,https://nigeriapropertycentre.com/for-sale/flats-apartments/lagos/ikoyi/banana-island/3656228-super-spacious-and-luxury-3-bedroom-apartment-with-ensuite-bq
new_listing,Banana Island,3,". Curated Exclusively for the Wealthy. a 3-Bedroom Apartment with BQ, Banana Island, Ikoyi, Lagos Added today 3 beds 3 baths 4 toilets Marketbooy of Lagos Realty Limited Premium 21",,720000000,,https://nigeriapropertycentre.com/for-sale/flats-apartments/lagos/ikoyi/banana-island/3538819-3-bedroom-apartment-with-a-maids-room-fully-serviced
new_listing,Banana Island,3,". Curated Exclusively for the Wealthy. a 3-Bedroom Apartment with BQ, Banana Island, Ikoyi, Lagos Added today 3 beds 3 baths 4 toilets Marketbooy of Lagos Realty Limited Premium 21",,720000000,,https://nigeriapropertycentre.com/for-sale/flats-apartments/lagos/ikoyi/banana-island/3489529-3-bedroom-apartments-with-bq
new_listing,Banana Island,3,". Curated Exclusively for the Wealthy. a 3-Bedroom Apartment with BQ, Banana Island, Ikoyi, Lagos Added today 3 beds 3 baths 4 toilets Marketbooy of Lagos Realty Limited Premium 21",,720000000,,https://nigeriapropertycentre.com/for-sale/flats-apartments/lagos/ikoyi/banana-island/3649653-4-bedroom-luxury-high-rise-residence
new_listing,Banana Island,3,". Curated Exclusively for the Wealthy. a 3-Bedroom Apartment with BQ, Banana Island, Ikoyi, Lagos Added today 3 beds 3 baths 4 toilets Marketbooy of Lagos Realty Limited Premium 21",,720000000,,https://nigeriapropertycentre.com/for-sale/flats-apartments/lagos/ikoyi/banana-island/3582793-5-bedroom-penthouse-with-3-bq
new_listing,Banana Island,3,". Curated Exclusively for the Wealthy. a 3-Bedroom Apartment with BQ, Banana Island, Ikoyi, Lagos Added today 3 beds 3 baths 4 toilets Marketbooy of Lagos Realty Limited Premium 21",,720000000,,https://nigeriapropertycentre.com/for-sale/flats-apartments/lagos/ikoyi/banana-island/3538824-4-bedroom-apartment-with-a-maids-room-fully-serviced
new_listing,Banana Island,2,"mola Osinuga International now to pay and move in immediately Waterfront property - furnished luxury 2 bedroom apartment, swimming pool, gym etc in banana island estate Ikoyi Rent:",,35000000,,https://nigeriapropertycentre.com/for-rent/flats-apartments/lagos/ikoyi/banana-island/3665569-waterfront-property-furnished-2-bedroom-apartment-pool-gym
new_listing,Banana Island,4,"Premium 6 ₦50,000,000 /yr Flat / apartment for rent Lovely 4 Bedroom Apartment with Elevator, Pool 4 Bedroom apartments banana island, ikoyi Location: Banana Island, Ikoyi Rent:",,50000000,,https://nigeriapropertycentre.com/for-rent/flats-apartments/lagos/ikoyi/banana-island/3665034-lovely-4-bedroom-apartment-with-elevator-pool
new_listing,Old Ikoyi,4,1–21 of 535 properties for sale Sort: Default Default Most recent Highest price Lowest price Verification status Premium Plus Top promoted listing 7 photos,,700000000,,https://nigeriapropertycentre.com/for-sale/flats-apartments/lagos/ikoyi/old-ikoyi/3665728-4-bedroom-maisonette-penthouse-with-bq
new_listing,Old Ikoyi,4,1–21 of 535 properties for sale Sort: Default Default Most recent Highest price Lowest price Verification status Premium Plus Top promoted listing 7 photos,,700000000,,https://nigeriapropertycentre.com/for-sale/flats-apartments/lagos/ikoyi/old-ikoyi/3665601-5-bedroom-apartment-with-boys-quarters
new_listing,Old Ikoyi,4,1–21 of 535 properties for sale Sort: Default Default Most recent Highest price Lowest price Verification status Premium Plus Top promoted listing 7 photos,,700000000,,https://nigeriapropertycentre.com/for-sale/flats-apartments/lagos/ikoyi/old-ikoyi/3664942-5-bedroom-apartment-with-boys-quarters
new_listing,Old Ikoyi,4,1–21 of 535 properties for sale Sort: Default Default Most recent Highest price Lowest price Verification status Premium Plus Top promoted listing 7 photos,,700000000,,https://nigeriapropertycentre.com/for-sale/flats-apartments/lagos/ikoyi/old-ikoyi/3664931-exclusive-4-bedroom-luxury-maisonette-penthouse
new_listing,Old Ikoyi,4,1–21 of 535 properties for sale Sort: Default Default Most recent Highest price Lowest price Verification status Premium Plus Top promoted listing 7 photos,,700000000,,https://nigeriapropertycentre.com/for-sale/flats-apartments/lagos/ikoyi/old-ikoyi/3664927-executive-3-bedroom-apartment-with-boys-quarters
new_listing,Old Ikoyi,3,"e parking, providing a comfortable and premium lifestyle. The property comes with a Certificate of Occupancy (C of O), is ready for immediate delivery, and is currently selling for",,1000000000,,https://nigeriapropertycentre.com/for-sale/flats-apartments/lagos/ikoyi/old-ikoyi/3545116-high-end-3-bedroom-apartment-for-sale
new_listing,Old Ikoyi,4,1–21 of 535 properties for sale Sort: Default Default Most recent Highest price Lowest price Verification status Premium Plus Top promoted listing 7 photos,,700000000,,https://nigeriapropertycentre.com/for-sale/flats-apartments/lagos/ikoyi/old-ikoyi/3664848-4-bedroom-apartment-penthouse-with-bq-gym-study-cinema-pool
new_listing,Old Ikoyi,3,"ing smart-home features, premium amenities and a secure residential environment. Location: Old Ikoyi, Lagos Rent: $54,000 per annum Size: 215 sqm Tentative Total Package: $67,500 +",,7000000,,https://nigeriapropertycentre.com/for-rent/flats-apartments/lagos/ikoyi/old-ikoyi/3665650-luxury-spacious-3-bedroom-apartment-bq-elevator-pool-playground
new_listing,Old Ikoyi,3,"Premium 5 ₦35,000,000 /yr Flat / apartment for rent Luxury 3 Bedroom Apartments with BQ, Gym, Elevator, Swimming Pool 3-Bedroom Apartments with BQ - Old Ikoyi -",,35000000,,https://nigeriapropertycentre.com/for-rent/flats-apartments/lagos/ikoyi/old-ikoyi/3665605-luxury-3-bedroom-apartments-with-bq-gym-elevator-swimming-pool
new_listing,Old Ikoyi,3,Premium 11,,55000000,,https://nigeriapropertycentre.com/for-rent/flats-apartments/lagos/ikoyi/old-ikoyi/3665521-family-friendly-luxury-3-bedroom-apartment-bq-tennis-pool-gym-etc
new_listing,Old Ikoyi,5,"xpansive living spaces, smart-home features and premium residential amenities. Location: Old Ikoyi, Lagos Rent: $120,000 per annum Size: 295 sqm Tentative Total Package: $150,000 +",,10000000,,https://nigeriapropertycentre.com/for-rent/flats-apartments/lagos/ikoyi/old-ikoyi/3664869-5-bedroom-luxury-apartment-with-bq-elevator-pool
new_listing,Old Ikoyi,2,Premium 19,,30000000,,https://nigeriapropertycentre.com/for-rent/flats-apartments/lagos/ikoyi/old-ikoyi/3664855-fully-serviced-2-bedroom-apartment-with-elevator
new_listing,Old Ikoyi,3,"Premium 5 ₦35,000,000 /yr Flat / apartment for rent 3 Bedrooms Apartment with BQ, Elevator, Pool, Gym & Tennis Court 3-Bedroom Apartments with BQ - Old Ikoyi -",,35000000,,https://nigeriapropertycentre.com/for-rent/flats-apartments/lagos/ikoyi/old-ikoyi/3664827-3-bedrooms-apartment-with-bq-elevator-pool-gym-tennis-court
new_listing,Lekki Phase 1,2,Premium Verified Photos 13,,350000000,,https://nigeriapropertycentre.com/for-sale/flats-apartments/lagos/lekki/lekki-phase-1/3665630-2-bedroom-flat-with-balcony
new_listing,Lekki Phase 1,3,Premium 24,,550000000,,https://nigeriapropertycentre.com/for-sale/flats-apartments/lagos/lekki/lekki-phase-1/3665703-3-bedroom-luxury-apartment-with-pool-and-gym
new_listing,Lekki Phase 1,2,Premium 17,,370000000,,https://nigeriapropertycentre.com/for-sale/flats-apartments/lagos/lekki/lekki-phase-1/3665688-two-bedroom-flat-with-elevator-and-swimming-pool
new_listing,Lekki Phase 1,2,Premium 17,,300000000,,https://nigeriapropertycentre.com/for-sale/flats-apartments/lagos/lekki/lekki-phase-1/3665560-two-bedroom-luxury-apartment
new_listing,Lekki Phase 1,2,Premium 21,,350000000,,https://nigeriapropertycentre.com/for-sale/flats-apartments/lagos/lekki/lekki-phase-1/3665471-brand-new-2-bedroom-service-smart-apartment-with-bq-pool-gym-elevator
new_listing,Lekki Phase 1,2,Premium 20,,260000000,,https://nigeriapropertycentre.com/for-sale/flats-apartments/lagos/lekki/lekki-phase-1/3665332-2-bedroom-furnished-apartment
new_listing,Lekki Phase 1,2,"Premium 6 ₦270,000,000 Flat / apartment for sale Modern 2 Bedroom Apartment Modern 2-Bedroom Apartment Off Freedom Way, Lekki Phase 1, Lagos Title: Governor's Consent ️ Approved Bu",,270000000,,https://nigeriapropertycentre.com/for-sale/flats-apartments/lagos/lekki/lekki-phase-1/3665224-modern-2-bedroom-apartment
new_listing,Lekki Phase 1,2,Premium Verified Photos 15,,20000000,,https://nigeriapropertycentre.com/for-rent/flats-apartments/lagos/lekki/lekki-phase-1/3665622-2-bedroom-flat
new_listing,Lekki Phase 1,3,Premium 20,,9000000,,https://nigeriapropertycentre.com/for-rent/flats-apartments/lagos/lekki/lekki-phase-1/3665578-3-bedroom-flat
new_listing,Lekki Phase 1,4,Premium 21,,25000000,,https://nigeriapropertycentre.com/for-rent/flats-apartments/lagos/lekki/lekki-phase-1/3665603-4-bedroom-maisonette
new_listing,Lekki Phase 1,2,"Premium 8 ₦8,000,000 /yr Flat / apartment for rent 2 Bedroom Apartment 2 Bedroom Apartment for Rent Location: Lekki Phase 1, Lekki Price: 8M per annum Features: - Spacious living r",,8000000,,https://nigeriapropertycentre.com/for-rent/flats-apartments/lagos/lekki/lekki-phase-1/3665576-2-bedroom-apartment
new_listing,Lekki Phase 1,1,Q behind a Duplex Features: - Separate Toilet & Bathroom - Separate Kitchenette - Parking for 1 Car - Shared Prepaid Meter - Borehole Water 24/7 - Secure & Serene Environment Rent:,,5000000,,https://nigeriapropertycentre.com/for-rent/flats-apartments/self-contained/lagos/lekki/lekki-phase-1/3665508-1-bedroom-self-contained-boys-quarter
new_listing,Lekki Phase 1,3,Premium 12,,17000000,,https://nigeriapropertycentre.com/for-rent/flats-apartments/lagos/lekki/lekki-phase-1/3665484-3-bedroom
new_listing,Lekki Phase 1,3,"Premium 9 ₦30,000,000 /yr Flat / apartment for rent Lovely Furnished 3 Bedroom Flat with BQ in a Serene Environ. Lovely furnished 3 bedroom flat with BQ in a a cool environ. Featur",,30000000,,https://nigeriapropertycentre.com/for-rent/flats-apartments/lagos/lekki/lekki-phase-1/3665431-lovely-furnished-3-bedroom-flat-with-bq-in-a-serene-environ
new_listing,Lekki Phase 1,3,Premium 23,,20000000,,https://nigeriapropertycentre.com/for-rent/flats-apartments/lagos/lekki/lekki-phase-1/3665361-fully-serviced-brand-new-3-bedroom-flat-with-bq
new_listing,Lekki Phase 1,2,"Premium 9 ₦8,000,000 /yr Flat / apartment for rent 2 Bedroom Apartment 2 Bedroom Apartment for Rent Location: Lekki Phase 1, Lekki Price: 8M per annum Features: - Spacious living r",,8000000,,https://nigeriapropertycentre.com/for-rent/flats-apartments/lagos/lekki/lekki-phase-1/3665359-2-bedroom-apartment
new_listing,Lekki Phase 1,2,Premium 11,,21000000,,https://nigeriapropertycentre.com/for-rent/flats-apartments/lagos/lekki/lekki-phase-1/3665325-luxurious-furnished-2-bedroom-flat-in-a-secured-environment
new_listing,Lekki Phase 1,,ore this property is gone 𝗣𝗿𝗼𝗽𝗲𝗿𝘁𝘆 & 𝗘𝗻𝘃𝗶𝗿𝗼𝗻𝗺𝗲𝗻𝘁 𝗙𝗲𝗮𝘁𝘂𝗿𝗲𝘀 Secure estate Table dry land Steady power supply Smooth access road Good drainage system Serene neighborhood 𝗣𝗿𝗶𝗰𝗲 Price -,,450000000,,https://nigeriapropertycentre.com/for-sale/land/residential-land/lagos/lekki/lekki-phase-1/3665235-600sqm-premium-land-in-a-secure-estate
new_listing,Lekki Phase 1,,1–20 of 314 properties for sale Sort: Default Default Most recent Highest price Lowest price Verification status Premium 4,,450000000,,https://nigeriapropertycentre.com/for-sale/land/residential-land/lagos/lekki/lekki-phase-1/3519157-1000sqm-with-structure
new_listing,Lekki Phase 1,,1–20 of 314 properties for sale Sort: Default Default Most recent Highest price Lowest price Verification status Premium 4,,450000000,,https://nigeriapropertycentre.com/for-sale/land/residential-land/lagos/lekki/lekki-phase-1/3627974-1900sqm-fenced-sandfilled-land-with-governors-consent
new_listing,Lekki Phase 1,,1–20 of 314 properties for sale Sort: Default Default Most recent Highest price Lowest price Verification status Premium 4,,450000000,,https://nigeriapropertycentre.com/for-sale/land/residential-land/lagos/lekki/lekki-phase-1/3594932-a-land-measuring-506-sqm-with-renovatable-house
new_listing,Lekki Phase 1,,",000,000 Residential land for sale 3090SQM Residential Land For sale directly on admiralty road at lekki phase 1 3090sqm Cornerpiece land measuring Title: Lagos state C of O Price:",,6000000000,,https://nigeriapropertycentre.com/for-sale/land/residential-land/lagos/lekki/lekki-phase-1/3664882-3090sqm-residential-land
price_change,Lekki Phase 1,,1–20 of 314 properties for sale Sort: Default Default Most recent Highest price Lowest price Verification status Premium 4,1100000000,450000000,-59.1,https://nigeriapropertycentre.com/for-sale/land/residential-land/lagos/lekki/lekki-phase-1/3661289-residential-land
price_change,Lekki Phase 1,,1–20 of 314 properties for sale Sort: Default Default Most recent Highest price Lowest price Verification status Premium 4,1100000000,450000000,-59.1,https://nigeriapropertycentre.com/for-sale/land/residential-land/lagos/lekki/lekki-phase-1/2953424-residential-corner-piece-land-measuring-1-000sqm
price_change,Lekki Phase 1,,1–20 of 314 properties for sale Sort: Default Default Most recent Highest price Lowest price Verification status Premium 4,1100000000,450000000,-59.1,https://nigeriapropertycentre.com/for-sale/land/residential-land/lagos/lekki/lekki-phase-1/3107909-residential-land-measuring-650sqm
price_change,Lekki Phase 1,,1–20 of 314 properties for sale Sort: Default Default Most recent Highest price Lowest price Verification status Premium 4,1100000000,450000000,-59.1,https://nigeriapropertycentre.com/for-sale/land/residential-land/lagos/lekki/lekki-phase-1/3655403-prime-2-130sqm-development-land
new_listing,Eko Atlantic,2,"Premium 5 ₦450,000,000 Flat / apartment for sale Prime 2 Bedroom Luxury Apartment + BQ Note- WE have direct instruction from the owner to sell this property. Right in the heart of ",,450000000,,https://nigeriapropertycentre.com/for-sale/flats-apartments/lagos/victoria-island/3069606-prime-2-bedroom-luxury-apartment-bq
new_listing,Eko Atlantic,3,"Premium 5 ₦600,000,000 Flat / apartment for sale Direct Brief: Luxury 3 Bedrooms Apartment Direct instruction Own a Home in a Modern 10-Storey Masterpiece! Step into sophistication",,600000000,,https://nigeriapropertycentre.com/for-sale/flats-apartments/lagos/victoria-island/oniru/3070452-direct-brief-luxury-3-bedrooms-apartment
new_listing,Eko Atlantic,3,Premium Verified Photos 13,,55000000,,https://nigeriapropertycentre.com/for-rent/flats-apartments/lagos/victoria-island/3665253-3-bedroom-flat-with-bq
new_listing,Eko Atlantic,3,Premium 14,,42000000,,https://nigeriapropertycentre.com/for-rent/flats-apartments/lagos/victoria-island/3665636-furnished-3-bedroom-apartment
new_listing,Eko Atlantic,1,"Premium 1 ₦12,000,000 /yr Mini flat (room and parlour) for rent Mini Flat (Room and Parlour) MY direct brief 2 Units of mini flat 4 units of studio 𝗙𝘂𝗹𝗹𝘆 𝗦𝗲𝗿𝘃𝗶𝗰𝗲𝗱 𝗥𝗼𝗼𝗺 𝗮𝗻𝗱 𝗣𝗮𝗿𝗹𝗼𝘂𝗿 ",,12000000,,https://nigeriapropertycentre.com/for-rent/flats-apartments/mini-flats/lagos/victoria-island/3665586-mini-flat-room-and-parlour
new_listing,Eko Atlantic,1,"Premium 6 ₦12,000,000 /yr Mini flat (room and parlour) for rent Mini Flat in Serviced Estate 𝗧𝗼 𝗟𝗲𝘁 𝗙𝘂𝗹𝗹𝘆 𝗦𝗲𝗿𝘃𝗶𝗰𝗲𝗱 𝗥𝗼𝗼𝗺 𝗮𝗻𝗱 𝗣𝗮𝗿𝗹𝗼𝘂𝗿 (𝗠𝗶𝗻𝗶 𝗙𝗹𝗮𝘁)𝗢𝗳𝗳 𝗔𝗱𝗲𝗼𝗹𝗮 𝗢𝗱𝗲𝗸𝘂, 𝗩𝗶𝗰𝘁𝗼𝗿𝗶𝗮 𝗜𝘀𝗹𝗮𝗻𝗱, 𝗟𝗮",,12000000,,https://nigeriapropertycentre.com/for-rent/flats-apartments/mini-flats/lagos/victoria-island/3665554-mini-flat-in-serviced-estate
new_listing,Eko Atlantic,1,Premium Video,,4000000,,https://nigeriapropertycentre.com/for-rent/flats-apartments/lagos/victoria-island/oniru/3665432-shared-furnished-apartment
new_listing,Eko Atlantic,3,"Premium ₦20,000,000 /yr Flat / apartment for rent Serviced 3 Bedroom with BQ To let Well maintained 3 bedroom penthouse apartment for rent. Location: Oniru Estate Features: - Fully",,20000000,,https://nigeriapropertycentre.com/for-rent/flats-apartments/lagos/victoria-island/oniru/3665287-serviced-3-bedroom-with-bq
new_listing,Eko Atlantic,1,"Premium 2 ₦6,000,000 /yr Mini flat (room and parlour) for rent Serviced 1 Bedroom Flat with Swimming Pool To let Serviced one bedroom apartment (MINI-FLAT) with swimming pool locat",,6000000,,https://nigeriapropertycentre.com/for-rent/flats-apartments/mini-flats/lagos/victoria-island/oniru/3665236-serviced-1-bedroom-flat-with-swimming-pool
new_listing,Eko Atlantic,3,Premium 14,,25000000,,https://nigeriapropertycentre.com/for-rent/flats-apartments/lagos/victoria-island/3665150-furnished-3-bedroom-flat-with-bq
new_listing,Eko Atlantic,3,Premium 13,,55000000,,https://nigeriapropertycentre.com/for-rent/flats-apartments/lagos/victoria-island/3665104-fully-furnished-3-bedroom-pent-apartment
new_listing,Eko Atlantic,1,Premium 10,,8000000,,https://nigeriapropertycentre.com/for-rent/flats-apartments/lagos/victoria-island/oniru/3665028-standard-1-bedroom-flat
new_listing,Eko Atlantic,2,Premium 12,,20000000,,https://nigeriapropertycentre.com/for-rent/flats-apartments/lagos/victoria-island/3664989-2-bedroom-serviced-apartment
new_listing,Eko Atlantic,3,"1–20 of 2,143 properties for rent Sort: Default Default Most recent Highest price Lowest price Verification status Premium Verified Photos 13",,55000000,,https://nigeriapropertycentre.com/for-rent/flats-apartments/lagos/victoria-island/3664944-luxury-waterfront-apartments
new_listing,Ikeja GRA,3,Premium 20,,550000000,,https://nigeriapropertycentre.com/for-sale/flats-apartments/lagos/ikeja/gra/3665230-3-bedroom-apartment-with-bq-and-communal-pool
new_listing,Ikeja GRA,2,"Premium ₦100,000,000 Flat / apartment for sale 2 Bedroom Flat Newly built 2Bedroom luxury apartment all rooms en-suite, in a lovely and secured environment with close proximity to ",,100000000,,https://nigeriapropertycentre.com/for-sale/flats-apartments/lagos/ikeja/ogba/3665168-2-bedroom-flat
new_listing,Ikeja GRA,2,"Premium ₦20,000,000 /yr Flat / apartment for rent 2 Bedroom Flat 2 Bedroom apartment fully furnished within a calm estate off ladoke Akintola estate, ikeja GRA ikeja Lagos. Video A",,20000000,,https://nigeriapropertycentre.com/for-rent/flats-apartments/lagos/ikeja/gra/3665584-2-bedroom-flat
new_listing,Ikeja GRA,,Premium Video,,950000000,,https://nigeriapropertycentre.com/for-sale/land/residential-land/lagos/ikeja/oregun/3665103-3-plots-residential-land
new_listing,Maitama,2,Premium 15,,15000000,,https://nigeriapropertycentre.com/for-rent/flats-apartments/abuja/maitama-district/3665548-2-bedroom-flat-with-gym-and-pool
new_listing,Maitama,2,Premium 10,,15000000,,https://nigeriapropertycentre.com/for-rent/flats-apartments/abuja/maitama-district/3664909-a-fully-serviced-2-bedroom-flat
price_change,Maitama,2,1–20 of 162 properties for rent Sort: Default Default Most recent Highest price Lowest price Verification status Premium 15,30000000,15000000,-50.0,https://nigeriapropertycentre.com/for-rent/flats-apartments/abuja/maitama-district/3541622-exquisitely-finished-2-bedroom-well-furnished
price_change,Maitama,2,1–20 of 162 properties for rent Sort: Default Default Most recent Highest price Lowest price Verification status Premium 15,30000000,15000000,-50.0,https://nigeriapropertycentre.com/for-rent/flats-apartments/abuja/maitama-district/3541609-luxury-3-bedroom-fitted-and-furnished-with-swimming-pool-gym
new_listing,Wuse,3,Premium 17,,6500000,,https://nigeriapropertycentre.com/for-rent/flats-apartments/abuja/wuse/3665453-3-bedroom-flat
new_listing,Wuse,3,Featured 19,,6500000,,https://nigeriapropertycentre.com/for-rent/flats-apartments/abuja/wuse/3665464-a-lovely-specious-3-bedroom-flat
delisted,Maitama,4,Newly Constructed 4 Bedroom Terrace Duplex + Bq Apo Resettlement Apo Abuja Newly Constructed 4 Bedroom Terrace Duplex + Bq / House FOR SALE,300000000,,,https://propertypro.ng/agent/shalom-ezekiel
delisted,Victoria Island,2,Must See 16 New 2 Bedroom Apartment Victoria Island Lagos New 2 Bedroom Apartment / Flat Apartment FOR Sale,440000000,,,https://propertypro.ng/property/2-bedroom-flat-apartment-for-sale-victoria-island-lagos-8PSKX
delisted,Victoria Island,3,Must See 19 New 3 Bedroom Apartment Victoria Island Lagos New 3 Bedroom Apartment / Flat Apartment FOR Sale,540000000,,,https://propertypro.ng/property/2-bedroom-flat-apartment-for-sale-victoria-island-lagos-3PSKY
delisted,Victoria Island,2,18 Luxury 2 Bedroom Apartment With Elevator + Swing Pool Ajose Adeogun Street Victoria Island Lagos Luxury 2 Bedroom Apartment With Elevator + Swing Pool / Flat Apartment FOR Sale,800000000,,,https://propertypro.ng/property/2-bedroom-flat-apartment-for-sale-ajose-adeogun-street-victoria-island-lagos-6QDYJ
delisted,Victoria Island,3,Must See 26 Luxury 3 Bedroom Apartment With Elevator + S Pool Ajose Adeogun Street Victoria Island Lagos Luxury 3 Bedroom Apartment With Elevator + S Pool / Flat Apartment FOR Sale,1200000000,,,https://propertypro.ng/property/3-bedroom-flat-apartment-for-sale-ajose-adeogun-street-victoria-island-lagos-5QDYH
delisted,Victoria Island,2,"Must See 5 2 Bedroom Premium Apartment With Ocean View Remi Olowude Street, Oniru Victoria Island Lagos 2 Bedroom Premium Apartment With Ocean View / Flat Apartment FOR Sale",714000000,,,https://propertypro.ng/property/2-bedroom-flat-apartment-for-sale-remi-olowude-street-oniru-victoria-island-lagos-1NQLZ
delisted,Victoria Island,4,Must See 28 Newly Built 4 Bedroom Furnished Penthouse Apartment Victoria Island Lagos Newly Built 4 Bedroom Furnished Penthouse Apartment / Flat Apartment FOR Sale,1400000000,,,https://propertypro.ng/property/4-bedroom-flat-apartment-for-sale-victoria-island-lagos-3QDLS
delisted,Victoria Island,2,Must See 11 Luxury 2 Bedroom Apartment With Excellent Finishing Victoria Island Lagos Luxury 2 Bedroom Apartment With Excellent Finishing / Flat Apartment FOR Sale,550000000,,,https://propertypro.ng/property/2-bedroom-flat-apartment-for-sale-victoria-island-lagos-3QDLU
delisted,Victoria Island,3,Must See 1 22 Units Of 3 Bed Apartments With Bqs Victoria Island Lagos 22 Units Of 3 Bed Apartments With Bqs / Flat Apartment FOR Sale,15000000000,,,https://propertypro.ng/property/3-bedroom-flat-apartment-for-sale-victoria-island-lagos-4QDPF
delisted,Victoria Island,3,Must See 12 2 And 3 Bedroom Apartments Victoria Island Lagos 2 And 3 Bedroom Apartments / Flat Apartment FOR Sale,700000000,,,https://propertypro.ng/property/flat-apartment-for-sale-victoria-island-lagos-7QBPP
delisted,Victoria Island,2,Self Serviced 2 Bedroom Apartment Freedom Way Lekki Lagos Self Serviced 2 Bedroom Apartment / House FOR SHORTLET,840000,,,https://propertypro.ng/property-for-shortlet/is-furnished
delisted,Victoria Island,2,Self Serviced 2 Bedroom Apartment Freedom Way Lekki Lagos Self Serviced 2 Bedroom Apartment / House FOR SHORTLET,840000,,,https://propertypro.ng/property-for-shortlet/is-serviced
delisted,Victoria Island,,Fenced Dry Land Idowu Taylor Victoria Island Lagos Fenced Dry Land / Land FOR Sale,2300000,,,https://propertypro.ng/agent/quolar-property
delisted,Ikeja GRA,3,Must See 12 Newly Built 3 Bedroom Apartment With Elevator + Pool Ikeja Gra Ikeja Lagos Newly Built 3 Bedroom Apartment With Elevator + Pool / Flat / Apartment FOR SALE,400000000,,,https://propertypro.ng/property/3-bedroom-flat-apartment-for-sale-ikeja-gra-ikeja-lagos-2QDQT
delisted,Ikeja GRA,3,Must See 17 3bed Apartment+bq Ikeja Gra Ikeja Lagos 3bed Apartment+bq / Flat Apartment FOR Sale,400000000,,,https://propertypro.ng/property/3-bedroom-flat-apartment-for-sale-ikeja-gra-ikeja-lagos-4QBDP
delisted,Ikeja GRA,5,Must See 1 A 5 Bedroom Semi Detached Duplex Off Ikeja Gra Ikeja Gra Ikeja Lagos A 5 Bedroom Semi Detached Duplex Off Ikeja Gra / Flat Apartment FOR Sale,950000000,,,https://propertypro.ng/property/5-bedroom-flat-apartment-for-sale-ikeja-gra-ikeja-lagos-4QDJL
delisted,Ikeja GRA,3,Must See 14 Well Finished 3 Bedroom Apartment With Bq Ikeja Gra Ikeja Lagos Well Finished 3 Bedroom Apartment With Bq / Flat Apartment FOR Sale,400000000,,,https://propertypro.ng/property/3-bedroom-flat-apartment-for-sale-ikeja-gra-ikeja-lagos-2PTHW
delisted,Ikeja GRA,4,Must See 14 Newly Built 4 Bedroom Apartment Ikeja Gra Ikeja Lagos Newly Built 4 Bedroom Apartment / Flat Apartment FOR Sale,400000000,,,https://propertypro.ng/property/4-bedroom-flat-apartment-for-sale-ikeja-gra-ikeja-lagos-3PTGZ
delisted,Ikeja GRA,3,Must See 16 Modern 3 Bedroom Apartment With Bq Ikeja Gra Ikeja Lagos Modern 3 Bedroom Apartment With Bq / Flat Apartment FOR Sale,500000000,,,https://propertypro.ng/property/3-bedroom-flat-apartment-for-sale-ikeja-gra-ikeja-lagos-4PTHC
delisted,Ikeja GRA,4,Must See 15 4 Bedroom Apartment Ikeja Gra Ikeja Lagos 4 Bedroom Apartment / Flat Apartment FOR Sale,550000000,,,https://propertypro.ng/property/4-bedroom-flat-apartment-for-sale-ikeja-gra-ikeja-lagos-1PVQF
delisted,Ikeja GRA,3,Must See 15 Ultra Modern 3 Bedroom Apartment Ikeja Gra Ikeja Lagos Ultra Modern 3 Bedroom Apartment / Flat Apartment FOR Sale,400000000,,,https://propertypro.ng/property/3-bedroom-flat-apartment-for-sale-ikeja-gra-ikeja-lagos-0PTHW
delisted,Ikeja GRA,3,15 3 Bedroom Flat With Bq Ikeja Gra Ikeja Lagos 3 Bedroom Flat With Bq / Flat Apartment FOR Sale,420000000,,,https://propertypro.ng/property/3-bedroom-flat-apartment-for-sale-ikeja-gra-ikeja-lagos-7NBGK
delisted,Asokoro,3,Must See 24 Luxury 3 Bedroom Apartment With Excellent Finishing Asokoro Abuja Luxury 3 Bedroom Apartment With Excellent Finishing / Flat Apartment FOR Sale,400000000,,,https://propertypro.ng/property/3-bedroom-flat-apartment-for-sale-asokoro-abuja-3QBVT
delisted,Asokoro,3,9 3 Bedrooms Apartment With Bq For Sale Asokoro Abuja 3 Bedrooms Apartment With Bq For Sale / Flat Apartment FOR Sale,190000000,,,https://propertypro.ng/property/3-bedroom-flat-apartment-for-sale-asokoro-abuja-2QCET
delisted,Asokoro,4,1 Luxury Mini Estate Of 4 Units 4 Bedroom Flat Asokoro Abuja Luxury Mini Estate Of 4 Units 4 Bedroom Flat / Flat Apartment FOR Sale,900000000,,,https://propertypro.ng/property/4-bedroom-flat-apartment-for-sale-asokoro-abuja-0NPPV
delisted,Asokoro,3,"12 3bedroom Flat Fha Asokoro, Abuja Asokoro Abuja 3bedroom Flat / Flat Apartment FOR Sale",90000000,,,https://propertypro.ng/property/3-bedroom-flat-apartment-for-sale-fha-asokoro-abuja-asokoro-abuja-7NXWB
delisted,Asokoro,4,17 4 Bedroom Terrace Duplex With Bq Asokoro Abuja 4 Bedroom Terrace Duplex With Bq / Flat Apartment FOR Sale,900000000,,,https://propertypro.ng/property/4-bedroom-flat-apartment-for-sale-asokoro-abuja-3PBJA
delisted,Banana Island,3,1–21 of 682 properties for rent Sort: Default Default Most recent Highest price Lowest price Verification status Premium Plus Top promoted listing 25 photos,50000000,,,https://nigeriapropertycentre.com/for-rent/flats-apartments/mini-flats/lagos/ikoyi/banana-island/3661881-luxury-water-front-furnished-mini-flat
delisted,Old Ikoyi,3,1–21 of 523 properties for sale Sort: Default Default Most recent Highest price Lowest price Verification status Premium Plus Top promoted listing 7 photos,700000000,,,https://nigeriapropertycentre.com/for-sale/flats-apartments/lagos/ikoyi/old-ikoyi/3663423-3-bedroom-apartment-with-boys-quarters
delisted,Old Ikoyi,3,1–21 of 523 properties for sale Sort: Default Default Most recent Highest price Lowest price Verification status Premium Plus Top promoted listing 7 photos,700000000,,,https://nigeriapropertycentre.com/for-sale/flats-apartments/lagos/ikoyi/old-ikoyi/3663264-5-bedroom-apartment-with-boys-quarters
delisted,Old Ikoyi,3,1–21 of 523 properties for sale Sort: Default Default Most recent Highest price Lowest price Verification status Premium Plus Top promoted listing 7 photos,700000000,,,https://nigeriapropertycentre.com/for-sale/flats-apartments/lagos/ikoyi/old-ikoyi/3663248-4-bedroom-luxury-maisonette-penthouse
delisted,Old Ikoyi,3,1–21 of 523 properties for sale Sort: Default Default Most recent Highest price Lowest price Verification status Premium Plus Top promoted listing 7 photos,700000000,,,https://nigeriapropertycentre.com/for-sale/flats-apartments/lagos/ikoyi/old-ikoyi/3663197-3-bedroom-apartment-with-boys-quarters
delisted,Old Ikoyi,4,Premium 24,1800000000,,,https://nigeriapropertycentre.com/for-sale/flats-apartments/lagos/ikoyi/old-ikoyi/3662974-luxury-4-bedroom-maisonette-with-bq
delisted,Old Ikoyi,3,1–21 of 523 properties for sale Sort: Default Default Most recent Highest price Lowest price Verification status Premium Plus Top promoted listing 7 photos,700000000,,,https://nigeriapropertycentre.com/for-sale/flats-apartments/lagos/ikoyi/old-ikoyi/3662952-5-bedroom-apartment-with-boys-quarters
delisted,Old Ikoyi,3,1–21 of 523 properties for sale Sort: Default Default Most recent Highest price Lowest price Verification status Premium Plus Top promoted listing 7 photos,700000000,,,https://nigeriapropertycentre.com/for-sale/flats-apartments/lagos/ikoyi/old-ikoyi/3662935-luxury-4-bedroom-maisonette-penthouse-with-swimming-pool-gym-bq
delisted,Old Ikoyi,3,1–20 of 710 properties for rent Sort: Default Default Most recent Highest price Lowest price Verification status Premium 13,40000000,,,https://nigeriapropertycentre.com/for-rent/flats-apartments/lagos/ikoyi/old-ikoyi/3660681-luxurious-4-bedroom-apartment-with-1-room-bq
delisted,Lekki Phase 1,3,", fully equipped gym, CCTV, pre-wired internet and DSTV provision, ample Parking. Location : Lekki Phase one ( Right Hand side) Lekki Number of units: 18 Title: C of O Prices: from",300000000,,,https://nigeriapropertycentre.com/for-sale/flats-apartments/lagos/lekki/lekki-phase-1/3664734-2-and-3-bedroom-apartments-maisonettes-with-bq
delisted,Lekki Phase 1,2,"Premium 4 ₦300,000,000 Flat / apartment for sale 2 Bedroom Apartments + BQ with",300000000,,,https://nigeriapropertycentre.com/for-sale/flats-apartments/lagos/lekki/lekki-phase-1/3664573-2-bedroom-apartments-bq-with-n20m-initial-deposit
delisted,Lekki Phase 1,3,Premium 14,450000000,,,https://nigeriapropertycentre.com/for-sale/flats-apartments/lagos/lekki/lekki-phase-1/3664565-exquisite-3-bedroom-apartment-with-bq
delisted,Lekki Phase 1,3,Premium 19,370000000,,,https://nigeriapropertycentre.com/for-sale/flats-apartments/lagos/lekki/lekki-phase-1/3664396-three-bedroom-apartmenwith-pool-gym
delisted,Lekki Phase 1,3,Premium 11,450000000,,,https://nigeriapropertycentre.com/for-sale/flats-apartments/lagos/lekki/lekki-phase-1/3664389-three-bedroom-apartment-with-swimming-pool
delisted,Lekki Phase 1,3,"Premium 5 ₦370,000,000 Flat / apartment for sale 3 Bedroom Apartments with Pool & Gym Smartly carved 3 bed apartments with swimming pool, elevator and a GYM area. - Modern Architec",370000000,,,https://nigeriapropertycentre.com/for-sale/flats-apartments/lagos/lekki/lekki-phase-1/3664260-3-bedroom-apartments-with-pool-gym
delisted,Lekki Phase 1,3,"rban living in this stunning 3-bedroom penthouse apartment, perfectly positioned in one of Lekki Phase 1's most desirable locations. Location: Off Freedom Way, Lekki Phase 1 Price:",700000000,,,https://nigeriapropertycentre.com/for-sale/flats-apartments/lagos/lekki/lekki-phase-1/3664184-3-bedroom-luxury-penthouse-apartment
delisted,Lekki Phase 1,3,Premium 11,300000000,,,https://nigeriapropertycentre.com/for-sale/flats-apartments/lagos/lekki/lekki-phase-1/3664158-3-bedroom-luxury-maisonette
delisted,Lekki Phase 1,2,Premium 12,180000000,,,https://nigeriapropertycentre.com/for-sale/flats-apartments/lagos/lekki/lekki-phase-1/3663908-phenomenal-2-bedroom-apartment
delisted,Lekki Phase 1,2,Premium 10,210000000,,,https://nigeriapropertycentre.com/for-sale/flats-apartments/lagos/lekki/lekki-phase-1/3663819-exquisitely-finished-2-bedroom-apartment-with-gym
delisted,Lekki Phase 1,2,"Premium 9 ₦400,000,000 Flat / apartment for sale A Fully Furnished 2 Bedroom Penthouse Apartment Furnished 2-Bedroom Penthouse Location: Lekki Phase 1 Price:",400000000,,,https://nigeriapropertycentre.com/for-sale/flats-apartments/lagos/lekki/lekki-phase-1/3663792-a-fully-furnished-2-bedroom-penthouse-apartment
delisted,Lekki Phase 1,2,Premium 11,10000000,,,https://nigeriapropertycentre.com/for-rent/flats-apartments/lagos/lekki/lekki-phase-1/3664676-spacious-2-bedroom-apartment
delisted,Lekki Phase 1,1,00 /yr Mini flat (room and parlour) for rent Well Maintained Mini Flat Apartment Well maintained apartment located in a serene and secured environment. Apartment rents annually for,7000000,,,https://nigeriapropertycentre.com/for-rent/flats-apartments/mini-flats/lagos/lekki/lekki-phase-1/3664509-well-maintained-mini-flat-apartment
delisted,Lekki Phase 1,2,"1–21 of 3,491 properties for rent Sort: Default Default Most recent Highest price Lowest price Verification status Premium Plus Top promoted listing 21 photos",22000000,,,https://nigeriapropertycentre.com/for-rent/flats-apartments/self-contained/lagos/lekki/lekki-phase-1/3608281-spacious-serviced-studios-apartments
delisted,Lekki Phase 1,1,Premium 17,15000000,,,https://nigeriapropertycentre.com/for-rent/flats-apartments/lagos/lekki/lekki-phase-1/3664405-fully-furnished-1-bedroom-apartment
delisted,Lekki Phase 1,3,"Premium 5 ₦25,000,000 /yr Flat / apartment for rent 3 Bedroom Apartment with BQ Furnished 3 bedroom apartment with a room boys quarter is available for rent in Lekki phase 1, Lagos",25000000,,,https://nigeriapropertycentre.com/for-rent/flats-apartments/lagos/lekki/lekki-phase-1/3664390-3-bedroom-apartment-with-bq
delisted,Lekki Phase 1,2,Premium 23,24000000,,,https://nigeriapropertycentre.com/for-rent/flats-apartments/lagos/lekki/lekki-phase-1/3664367-fully-furnished-2-bedroom-apartment
delisted,Lekki Phase 1,3,Premium 23,15000000,,,https://nigeriapropertycentre.com/for-rent/flats-apartments/lagos/lekki/lekki-phase-1/3664339-nice-and-fine-3-bedroom-flat-at-main-phase-1
delisted,Lekki Phase 1,2,Premium 12,11000000,,,https://nigeriapropertycentre.com/for-rent/flats-apartments/lagos/lekki/lekki-phase-1/3664304-luxury-2-bedroom-flat-located-at-admiralty-way
delisted,Lekki Phase 1,1,Premium 13,7000000,,,https://nigeriapropertycentre.com/for-rent/flats-apartments/mini-flats/lagos/lekki/lekki-phase-1/3664290-luxury-standard-mini-flat-at-main-phase-1
delisted,Lekki Phase 1,1,"Premium 8 ₦3,500,000 /yr Flat / apartment for rent Spacious Boy's Quarter Boy's Quarter for rent Location: Lekki phase 1 Price: 3.5Million Agency: 350k Caution: 350k Legal: 350k Le",3500000,,,https://nigeriapropertycentre.com/for-rent/flats-apartments/lagos/lekki/lekki-phase-1/3664262-spacious-boys-quarter
delisted,Lekki Phase 1,2,"Premium 9 ₦23,000,000 /yr Flat / apartment for rent Fully Furnished 2 Bedroom Apartment with BQ Fully furnished 2 bedroom apartment in a serene and quiet neighborhood in lekki 1 Le",23000000,,,https://nigeriapropertycentre.com/for-rent/flats-apartments/lagos/lekki/lekki-phase-1/3664250-fully-furnished-2-bedroom-apartment-with-bq
delisted,Lekki Phase 1,2,"Premium 9 ₦14,000,000 /yr Flat / apartment for rent Standard 2 Bedroom Apartment 2 bedroom maisonette available for rent Annual rent: 14,000,000 Caution fee: 700,000 Legal fee is 1",14000000,,,https://nigeriapropertycentre.com/for-rent/flats-apartments/lagos/lekki/lekki-phase-1/3664247-standard-2-bedroom-apartment
delisted,Lekki Phase 1,,1–20 of 313 properties for sale Sort: Default Default Most recent Highest price Lowest price Verification status Premium 9,1100000000,,,https://nigeriapropertycentre.com/for-sale/land/residential-land/lagos/lekki/lekki-phase-1/3655477-prime-3-090sqm-corner-piece-land
delisted,Lekki Phase 1,,1–20 of 313 properties for sale Sort: Default Default Most recent Highest price Lowest price Verification status Premium 9,1100000000,,,https://nigeriapropertycentre.com/for-sale/land/residential-land/lagos/lekki/lekki-phase-1/3655511-prime-1-199sqm-corner-piece-land
delisted,Lekki Phase 1,,1–20 of 313 properties for sale Sort: Default Default Most recent Highest price Lowest price Verification status Premium 9,1100000000,,,https://nigeriapropertycentre.com/for-sale/land/residential-land/lagos/lekki/lekki-phase-1/3659829-bare-land-measuring-1130sqm
delisted,Lekki Phase 1,,1–20 of 313 properties for sale Sort: Default Default Most recent Highest price Lowest price Verification status Premium 9,1100000000,,,https://nigeriapropertycentre.com/for-sale/land/residential-land/lagos/lekki/lekki-phase-1/3659246-a-599-square-meters-plot
delisted,Lekki Phase 1,,1–20 of 313 properties for sale Sort: Default Default Most recent Highest price Lowest price Verification status Premium 9,1100000000,,,https://nigeriapropertycentre.com/for-sale/land/residential-land/lagos/lekki/lekki-phase-1/3658550-size-2500sqm-residential-land-plot
delisted,Eko Atlantic,3,"1–21 of 1,533 properties for sale Sort: Default Default Most recent Highest price Lowest price Verification status Premium Plus Top promoted listing 16 photos",520000000,,,https://nigeriapropertycentre.com/for-sale/flats-apartments/lagos/victoria-island/3664072-2-bedroom-flat-with-bq
delisted,Eko Atlantic,2,Premium 11,520000000,,,https://nigeriapropertycentre.com/for-sale/flats-apartments/lagos/victoria-island/3663193-2-bedroom-en-suite-flat
delisted,Eko Atlantic,3,Premium 23,180000000,,,https://nigeriapropertycentre.com/for-sale/flats-apartments/lagos/victoria-island/3663146-3-bedroom-flat-with-bq
delisted,Eko Atlantic,2,"Premium 9 ₦800,000,000 Flat / apartment for sale Luxury 2 Bedroom Apartment with Elevator + Swimming Pool For sale 2 Bedroom Apartment With Swimming Pool + Gym +Elevator in a Strat",800000000,,,https://nigeriapropertycentre.com/for-sale/flats-apartments/lagos/victoria-island/3663094-luxury-2-bedroom-apartment-with-elevator-swimming-pool
delisted,Eko Atlantic,3,Premium 13,1200000000,,,https://nigeriapropertycentre.com/for-sale/flats-apartments/lagos/victoria-island/3663073-luxury-3-bedroom-apartment-with-elevator-swimming-pool
delisted,Eko Atlantic,3,"1–21 of 1,533 properties for sale Sort: Default Default Most recent Highest price Lowest price Verification status Premium Plus Top promoted listing 16 photos",520000000,,,https://nigeriapropertycentre.com/for-sale/flats-apartments/lagos/victoria-island/3527185-the-apex-of-lagos-living-360-waterfront-luxury-4-bedroom-apartment
delisted,Eko Atlantic,3,Premium 12,20000000,,,https://nigeriapropertycentre.com/for-rent/flats-apartments/lagos/victoria-island/oniru/3664771-luxury-3-bedroom-flat-with-bq
delisted,Eko Atlantic,1,Premium 12,22000000,,,https://nigeriapropertycentre.com/for-rent/flats-apartments/lagos/victoria-island/3664728-1-bedroom-serviced-apartment
delisted,Eko Atlantic,2,"eed internet ready - Dedicated transformer & backup power - Treated water supply - Modern elevators - Staff quarters - 2 parking spaces per apartment Rent: $ 30,000 Service Charge:",8000000,,,https://nigeriapropertycentre.com/for-rent/flats-apartments/lagos/victoria-island/3664737-2-bedroom-apartment-with-gym-and-pool
delisted,Eko Atlantic,3,Premium 11,28000000,,,https://nigeriapropertycentre.com/for-rent/flats-apartments/lagos/victoria-island/3664498-3-bedroom-furnished-apartment-with-service-quarters
delisted,Eko Atlantic,2,Premium 11,28000000,,,https://nigeriapropertycentre.com/for-rent/flats-apartments/lagos/victoria-island/3664487-2-bedroom-apartment-with-pool-gym
delisted,Eko Atlantic,2,Premium 18,35000000,,,https://nigeriapropertycentre.com/for-rent/flats-apartments/lagos/victoria-island/3664477-2-bedroom-furnished-apartment
delisted,Eko Atlantic,3,"Premium 7 ₦20,000,000 /yr Flat / apartment for rent 3 Bedroom Apartment with BQ Now Renting 3 Bedroom apartment with BQ Location: Oniru, VI Rent~ 20M Agency fee~10% Legal fee~5% ️ ",20000000,,,https://nigeriapropertycentre.com/for-rent/flats-apartments/lagos/victoria-island/oniru/3664293-3-bedroom-apartment-with-bq
delisted,Eko Atlantic,2,Premium 12,36000000,,,https://nigeriapropertycentre.com/for-rent/flats-apartments/lagos/victoria-island/3664233-2-bedroom-furnished-apartment
delisted,Eko Atlantic,3,Premium 12,15000000,,,https://nigeriapropertycentre.com/for-rent/flats-apartments/lagos/victoria-island/oniru/3664059-3-bedroom-apartment-with-boys-quarters
delisted,Eko Atlantic,3,"Premium 1 ₦50,000,000 /yr Flat / apartment for rent Furnished 3 Bedroom Apartment Furnished 3 bedroom with BQ in V.I (Corporate Client) Rent: 50m Service: 5m Legal, Agency and Caut",50000000,,,https://nigeriapropertycentre.com/for-rent/flats-apartments/lagos/victoria-island/3664050-furnished-3-bedroom-apartment
delisted,Eko Atlantic,3,Premium 11,15000000,,,https://nigeriapropertycentre.com/for-rent/flats-apartments/lagos/victoria-island/oniru/3664025-3-bedroom-apartment-with-boys-quarters-bq
delisted,Eko Atlantic,3,Premium 16,30000000,,,https://nigeriapropertycentre.com/for-rent/flats-apartments/lagos/victoria-island/oniru/3664017-3-bedroom-furnished-luxury-apartment-with-bq
delisted,Ikeja GRA,3,Premium Plus Top promoted listing 22 photos Video,8500000,,,https://nigeriapropertycentre.com/for-rent/flats-apartments/lagos/ikeja/ogba/3419645-a-serviced-and-fully-furnished-3-bedroom-flat
delisted,Ikeja GRA,3,1–21 of 504 properties for rent Sort: Default Default Most recent Highest price Lowest price Verification status Premium Plus Top promoted listing 22 photos Video,8500000,,,https://nigeriapropertycentre.com/for-rent/flats-apartments/mini-flats/lagos/ikeja/3659864-spacious-newly-renovated-mini-flat-with-2-toilets
delisted,Ikeja GRA,,1–21 of 257 properties for sale Sort: Default Default Most recent Highest price Lowest price Verification status Premium Plus Top promoted listing 1 photo,15000000000,,,https://nigeriapropertycentre.com/for-sale/land/residential-land/lagos/ikeja/alausa/3571151-a-plot-measuring-400sqm
