record_id,date_scraped,city,market_node,transaction,property_type,bedrooms,title,asking_price_ngn,size_sqm,price_per_sqm_ngn,location,listing_date,listing_age_days,listing_date_type,is_within_31_days,source,source_url
748569ccc210bbb2,2026-09-15,Lagos,Victoria Island,rent,flat_apartment,3,Fully Furnished 3 Bedroom Flat Oniru Victoria Island Lagos Fully Furnished 3 Bedroom Flat / Flat Apartment FOR Rent,30000000,,,Victoria Island,2026-08-27,19,updated,True,PropertyPro.ng,https://propertypro.ng/agent/gudness-reality-ventures1
de85da9a094fbb38,2026-09-15,Lagos,Banana Island,sale,flat_apartment,3,Exquisitely Detailed Standard 3bedroom Apartment Banana Island Ikoyi Lagos Exquisitely Detailed Standard 3bedroom Apartment / Flat Apartment FOR Sale,850000000,,,Banana Island,2026-08-31,15,updated,True,PropertyPro.ng,https://propertypro.ng/agent/hawa-salifu1
e2c21a43f1048d7c,2026-09-15,Lagos,Victoria Island,rent,flat_apartment,2,Furnished 2 Bed Apartment With Cinema Vi Bishop Oluwole Street Victoria Island Lagos Furnished 2 Bed Apartment With Cinema Vi / Flat Apartment FOR Rent,35000000,,,Victoria Island,2026-09-09,6,updated,True,PropertyPro.ng,https://propertypro.ng/agent/et-cetera-homes
cfe0e2a9de3a972f,2026-09-15,Lagos,Banana Island,rent,flat_apartment,3,Luxurious 3 Bedroom Apartment With Bq Banana Island Ikoyi Lagos Luxurious 3 Bedroom Apartment With Bq / Flat Apartment FOR Rent,40000000,,,Banana Island,2026-09-09,6,updated,True,PropertyPro.ng,https://propertypro.ng/agent/curtain-homes1
3832bc3ae14de791,2026-09-15,Lagos,Victoria Island,land_sale,land,,"Land Measuring 4,730sqm Ligali Ayorinde Victoria Island Lagos Land Measuring 4,730sqm / Land FOR Sale",3000000,4730.0,634.25,Victoria Island,2026-09-01,14,updated,True,PropertyPro.ng,https://propertypro.ng/agent/atinuke-olawumi
97363dc9a3719eac,2026-09-15,Lagos,Banana Island,rent,flat_apartment,3,2 Units Of This Unfurnished 3bed Apartment Banana Island Ikoyi Lagos 2 Units Of This Unfurnished 3bed Apartment / Flat Apartment FOR Rent,35000000,,,Banana Island,2026-08-18,28,updated,True,PropertyPro.ng,https://propertypro.ng/agent/andrey-micheal-akaiso
ef818945e1b57e9f,2026-09-15,Lagos,Ikeja GRA,rent,flat_apartment,3,3 Bedroom Apartment Gra Ikeja Gra Ikeja Lagos 3 Bedroom Apartment / Flat Apartment FOR Rent,25000000,,,Ikeja GRA,2026-09-14,1,updated,True,PropertyPro.ng,https://propertypro.ng/agent/spudy-global-limited
1c3b302db6742a7f,2026-09-15,Lagos,Victoria Island,land_sale,land,,"2 Units Flat Empty And Gated Landed Property Eko Atlantic City, Eko Atlantic City Victoria Island Lagos 2 Units Flat Empty And Gated Landed Property / Land FOR Sale",3000000,,3000000.0,Victoria Island,2026-09-12,3,updated,True,PropertyPro.ng,https://propertypro.ng/agent/propertywire-nigeria-limited
7ec3f034bf3e9d23,2026-09-15,Lagos,Ikeja GRA,sale,flat_apartment,3,3 Bedroom Apartment With Bq Oniru Victoria Island Lagos 3 Bedroom Apartment With Bq / Flat / Apartment FOR SALE,450000000,,,Ikeja GRA,2026-09-06,9,updated,True,PropertyPro.ng,https://propertypro.ng/agent/christian-onichakwe
9e5f21a68b1ba746,2026-09-15,Lagos,Banana Island,land_sale,land,,Land Measuring 700 Sqm Dry Land 3rd Avenue Banana Island Ikoyi Banana Island Ikoyi Lagos Land Measuring 700 Sqm Dry Land / Land FOR Sale,4000000,700.0,5714.29,Banana Island,2026-08-24,22,updated,True,PropertyPro.ng,https://propertypro.ng/agent/pcl-homes
1cf3f516604befa6,2026-09-15,Lagos,Banana Island,land_sale,land,,Land Banana Island Banana Island Ikoyi Lagos Land / Land FOR Sale,2000000000,,,Banana Island,2026-08-23,23,updated,True,PropertyPro.ng,https://propertypro.ng/agent/saint-joseph-property
323542886681d4da,2026-09-15,Lagos,Old Ikoyi,sale,flat_apartment,4,Must See 4 Bedroom Newly Built Apartment Off Glover Old Ikoyi Ikoyi Lagos 4 Bedroom Newly Built Apartment / Flat Apartment FOR Sale,800000000,,,Old Ikoyi,2026-09-15,0,updated,True,PropertyPro.ng,https://propertypro.ng/property/4-bedroom-flat-apartment-for-sale-off-glover-old-ikoyi-ikoyi-lagos-3QBZM
e952ff1fa2c3de20,2026-09-15,Lagos,Old Ikoyi,sale,flat_apartment,4,Must See 4 Bedroom Newly Built Apartment Off Glover Old Ikoyi Ikoyi Lagos 4 Bedroom Newly Built Apartment / Flat Apartment FOR Sale,800000000,,,Old Ikoyi,2026-09-15,0,updated,True,PropertyPro.ng,https://propertypro.ng/property/4-bedroom-flat-apartment-for-sale-off-glover-old-ikoyi-ikoyi-lagos-2QBZM
8c5626ddaeade9da,2026-09-15,Lagos,Old Ikoyi,sale,flat_apartment,3,3 Bedroom Maisonette Glover Rd Old Ikoyi Ikoyi Lagos 3 Bedroom Maisonette / Flat Apartment FOR Sale,700000000,,,Old Ikoyi,2026-09-15,0,updated,True,PropertyPro.ng,https://propertypro.ng/property/3-bedroom-flat-apartment-for-sale-glover-rd-old-ikoyi-ikoyi-lagos-6PYPP
e5bc1b2e304d2b97,2026-09-15,Lagos,Old Ikoyi,sale,flat_apartment,4,4 Bedroom Newly Built Apartment Off Glover Old Ikoyi Ikoyi Lagos 4 Bedroom Newly Built Apartment / Flat Apartment FOR Sale,800000000,,,Old Ikoyi,2026-09-15,0,updated,True,PropertyPro.ng,https://propertypro.ng/property/4-bedroom-flat-apartment-for-sale-off-glover-old-ikoyi-ikoyi-lagos-1QBZM
ba0d920dce601471,2026-09-15,Lagos,Ikeja GRA,land_sale,land,,"Land Measuring 3,000sqm Ikeja Gra Ikeja Lagos Land Measuring 3,000sqm / Land FOR Sale",1500000,3000.0,1500000.0,Ikeja GRA,2026-08-17,29,updated,True,PropertyPro.ng,https://propertypro.ng/agent/solution-point-network
3b97fa6d4e4230d8,2026-09-15,Lagos,Old Ikoyi,land_sale,land,,"4,300 Sqm Of Prime Development Land Old Ikoyi Ikoyi Lagos 4,300 Sqm Of Prime Development Land / Land FOR Sale",4300000,4300.0,4300000.0,Old Ikoyi,2026-09-14,1,updated,True,PropertyPro.ng,https://propertypro.ng/property/land-for-sale-old-ikoyi-ikoyi-lagos-8QETL
d4b659a29a65e4e9,2026-09-15,Lagos,Lekki Phase 1,land_sale,land,,"1200sqm Prime Land U3 Estate, Lekki Right Side Lekki Phase 1 Lekki Lagos 1200sqm Prime Land / Land FOR Sale",1800000000,1200.0,1500000.0,Lekki Phase 1,2026-09-04,11,updated,True,PropertyPro.ng,https://propertypro.ng/agent/oip-properties
3cb85f8012994b80,2026-09-15,Lagos,Victoria Island,land_sale,land,,"Prime 1,150 Sqm Residential Land In Victoria Island. Victoria Island Lagos Prime 1,150 Sqm Residential Land In Victoria Island. / Land FOR Sale",3500000000,1150.0,3043478.26,Victoria Island,2026-08-30,16,updated,True,PropertyPro.ng,https://propertypro.ng/agent/bolanle-oyewo
daea4c6a732f47ed,2026-09-15,Lagos,Old Ikoyi,land_sale,land,,"1,400sqm Land Off Queen's Drive, Old Ikoyi Ikoyi Lagos 1,400sqm Land / Land FOR Sale",4500000,1400.0,4500000.0,Old Ikoyi,2026-08-28,18,updated,True,PropertyPro.ng,https://propertypro.ng/property/land-for-sale-off-queens-drive-old-ikoyi-ikoyi-lagos-8PKKP
05afd809d2eba303,2026-09-15,Lagos,Old Ikoyi,land_sale,land,,4397sqm Land With C Of O Old Ikoyi Ikoyi Lagos 4397sqm Land With C Of O / Land FOR Sale,4000000,4397.0,4000000.0,Old Ikoyi,2026-08-28,18,updated,True,PropertyPro.ng,https://propertypro.ng/property/land-for-sale-old-ikoyi-ikoyi-lagos-8PKKN
34521ee2a4eccf34,2026-09-15,Lagos,Old Ikoyi,land_sale,land,,2700sqm Land Lugard Old Ikoyi Ikoyi Lagos 2700sqm Land / Land FOR Sale,3700000,2700.0,3700000.0,Old Ikoyi,2026-08-28,18,updated,True,PropertyPro.ng,https://propertypro.ng/property/land-for-sale-lugard-old-ikoyi-ikoyi-lagos-0PKKN
c94263342a1039e5,2026-09-15,Lagos,Old Ikoyi,land_sale,land,,"Land Mekenwen Street, Old Ikoyi. Old Ikoyi Ikoyi Lagos Land / Land FOR Sale",4500000,,4500000.0,Old Ikoyi,2026-08-28,18,updated,True,PropertyPro.ng,https://propertypro.ng/property/land-for-sale-mekenwen-street-old-ikoyi-old-ikoyi-ikoyi-lagos-7PHHW
d2803e02610bfd31,2026-09-15,Lagos,Old Ikoyi,land_sale,land,,"1200sqm Waterfront Land Shoreline Estate, Old Ikoyi Ikoyi Lagos 1200sqm Waterfront Land / Land FOR Sale",5500000000,1200.0,4583333.33,Old Ikoyi,2026-08-28,18,updated,True,PropertyPro.ng,https://propertypro.ng/property/land-for-sale-shoreline-estate-old-ikoyi-ikoyi-lagos-0PHKE
9769286ac38e3655,2026-09-15,Lagos,Old Ikoyi,land_sale,land,,"5000sqm Land Ikoyi Cresent, Old Ikoyi Ikoyi Lagos 5000sqm Land / Land FOR Sale",4000000,5000.0,4000000.0,Old Ikoyi,2026-08-28,18,updated,True,PropertyPro.ng,https://propertypro.ng/property/land-for-sale-ikoyi-cresent-old-ikoyi-ikoyi-lagos-4PKKP
bdb7c7fbd7229246,2026-09-15,Lagos,Old Ikoyi,land_sale,land,,"15000sqm Land Ikoyi Crescent ,off Alfred Rewane Road, Old Ikoyi Ikoyi Lagos 15000sqm Land / Land FOR Sale",4000000,15000.0,4000000.0,Old Ikoyi,2026-08-28,18,updated,True,PropertyPro.ng,https://propertypro.ng/property/land-for-sale-ikoyi-crescent-off-alfred-rewane-road-old-ikoyi-ikoyi-lagos-4PKKM
1b6c5a50b4e71cae,2026-09-15,Lagos,Victoria Island,sale,flat_apartment,3,3 Bedroom Apartment Victoria Island Lagos 3 Bedroom Apartment / Flat Apartment FOR Sale,600000000,,,Victoria Island,2026-09-15,0,updated,True,PropertyPro.ng,https://propertypro.ng/agent/tugaris-realtor
def9df73eba4c41a,2026-09-15,Lagos,Lekki Phase 1,rent,flat_apartment,3,3 Bedroom Fully Furnished Apartment Lekki Right Lekki Phase 1 Lekki Lagos 3 Bedroom Fully Furnished Apartment / Flat Apartment FOR Rent,25000000,,,Lekki Phase 1,2026-09-08,7,updated,True,PropertyPro.ng,https://propertypro.ng/agent/outstanding-real-estate-limited
9952b469f3014b59,2026-09-15,Abuja,Maitama,sale,flat_apartment,3,Luxury 3 Bedroom Apartment Maitama Abuja Luxury 3 Bedroom Apartment / Flat Apartment FOR Sale,1050000000,,,Maitama,2026-09-07,8,updated,True,PropertyPro.ng,https://propertypro.ng/agent/innerowrkings-investments-limited
1b9ea4cc0ef74a06,2026-09-15,Lagos,Victoria Island,sale,flat_apartment,3,Luxury 3 Bedroom Apartments Victoria Island Lagos Luxury 3 Bedroom Apartments / Flat Apartment FOR Sale,750000000,,,Victoria Island,2026-09-01,14,updated,True,PropertyPro.ng,https://propertypro.ng/agent/sunwealth-real-estate-limited
4703b1a54ace2ef7,2026-09-15,Lagos,Lekki Phase 1,rent,flat_apartment,1,Furnished 1bedroom Apartment Lekki Phase 1 Lekki Lagos Furnished 1bedroom Apartment / Flat Apartment FOR Rent,8500000,,,Lekki Phase 1,2026-09-13,2,updated,True,PropertyPro.ng,https://propertypro.ng/agent/faith-theo-enterprise
78de7a09bae41204,2026-09-15,Lagos,Victoria Island,sale,flat_apartment,2,Offplan 2 Bedroom Apartment With Bq Victoria Island Lagos Offplan 2 Bedroom Apartment With Bq / Flat Apartment FOR Sale,650000000,,,Victoria Island,2026-09-10,5,updated,True,PropertyPro.ng,https://propertypro.ng/agent/salome-etim1
06474d27840e869a,2026-09-15,Lagos,Lekki Phase 1,rent,flat_apartment,2,Luxury 2 Bedroom Apartment Lekki Phase 1 Lekki Lagos Luxury 2 Bedroom Apartment / Flat Apartment FOR Rent,20000000,,,Lekki Phase 1,2026-09-08,7,updated,True,PropertyPro.ng,https://propertypro.ng/agent/barbsconsult-homes-and-properties
a3d45ae8f2664d3d,2026-09-15,Lagos,Victoria Island,rent,flat_apartment,1,Fully Serviced 1 Bedroom Victoria Island Lagos Fully Serviced 1 Bedroom / Flat Apartment FOR Rent,12000000,,,Victoria Island,2026-09-14,1,updated,True,PropertyPro.ng,https://propertypro.ng/agent/john-boris-ogom1
406a9309926e7973,2026-09-15,Lagos,Lekki Phase 1,land_sale,land,,Plot Of Land Measuring 648sqm Lekki Phase 1 Lekki Lagos Plot Of Land Measuring 648sqm / Land FOR Sale,300000000,648.0,462962.96,Lekki Phase 1,2026-08-18,28,updated,True,PropertyPro.ng,https://propertypro.ng/agent/chrystal-abodes1
ba68205b0de12969,2026-09-15,Lagos,Lekki Phase 1,land_sale,land,4,4 Bedroom Terrace Duplex With Bq Lekki Phase 1 Lekki Lagos 4 Bedroom Terrace Duplex With Bq / House FOR SALE,350000000,,,Lekki Phase 1,2026-09-09,6,updated,True,PropertyPro.ng,https://propertypro.ng/agent/beth-iros
ca6bb4f4ce1bb130,2026-09-15,Lagos,Ikeja GRA,land_sale,land,,"1,118sqm Land With A Gov Consent & C Of O Off Oduduwa Way, Ikeja Gra Ikeja Lagos 1,118sqm Land With A Gov Consent & C Of O / Land FOR Sale",1450000000,1118.0,1296958.86,Ikeja GRA,2026-08-30,16,updated,True,PropertyPro.ng,https://propertypro.ng/agent/17three-digital-realtors
461777823bd4fb32,2026-09-15,Lagos,Lekki Phase 1,land_sale,land,3,Prime 8 Units Of 3 Bedroom Flats + 1 Room Bq Each Lekki Phase 1 Lekki Lagos Prime 8 Units Of 3 Bedroom Flats + 1 Room Bq Each / Land FOR Sale,3700000000,,,Lekki Phase 1,2026-08-19,27,updated,True,PropertyPro.ng,https://propertypro.ng/property/3-bedroom-land-for-sale-lekki-phase-1-lekki-lagos-5QBTY
1d1ed4243462a7c7,2026-09-15,Lagos,Lekki Phase 1,land_sale,land,,Land Lekki Phase 1 Lekki Lagos Land / Land FOR Sale,1350000,,1350000.0,Lekki Phase 1,2026-08-17,29,updated,True,PropertyPro.ng,https://propertypro.ng/agent/meridian-heritage-properties
679f14175148dbcd,2026-09-15,Lagos,Victoria Island,sale,flat_apartment,2,Must See 2 Bedroom Premium Apartment With Ocean View Oniru Victoria Island Lagos 2 Bedroom Premium Apartment With Ocean View / Flat Apartment FOR Sale,285000000,,,Victoria Island,2026-09-07,8,updated,True,PropertyPro.ng,https://propertypro.ng/property/2-bedroom-flat-apartment-for-sale-oniru-victoria-island-lagos-5PAUD
28b499ad6b1fcfd2,2026-09-15,Lagos,Victoria Island,sale,flat_apartment,5,5 Bedroom Detached Duplex With Swimming Pool For Sale Chevron Toll Gate Lekki Lagos 5 Bedroom Detached Duplex With Swimming Pool For Sale / House FOR SALE,450000000,,,Victoria Island,2026-09-04,11,added,True,PropertyPro.ng,https://propertypro.ng/agent/solomon-ifreke-edet
963cdd6a6f4d6929,2026-09-15,Lagos,Victoria Island,rent,flat_apartment,3,"3 Bedroom Service Pentfloor Apartment Palace Road, Oniru Estate Oniru Victoria Island Lagos 3 Bedroom Service Pentfloor Apartment / Flat Apartment FOR Rent",20000000,,,Victoria Island,2026-09-10,5,updated,True,PropertyPro.ng,https://propertypro.ng/agent/yosher-realtors
ae0c5465492c106b,2026-09-15,Lagos,Victoria Island,rent,flat_apartment,1,1 Bedroom Apartment Oniru Victoria Island Lagos 1 Bedroom Apartment / Flat Apartment FOR Rent,8500000,,,Victoria Island,2026-09-05,10,updated,True,PropertyPro.ng,https://propertypro.ng/agent/daniel-uche-properties
a7487d761496a5b2,2026-09-15,Abuja,Maitama,sale,flat_apartment,2,Self Serviced 2 Bedroom Apartment Freedom Way Lekki Lagos Self Serviced 2 Bedroom Apartment / House FOR SHORTLET,840000,,,Maitama,2026-09-14,1,updated,True,PropertyPro.ng,https://propertypro.ng/agent/angel-mercy
a9818c96718ab5dd,2026-09-15,Lagos,Victoria Island,rent,flat_apartment,3,Luxe 3 Bedroom Apartment With Bq Victoria Island Lagos Luxe 3 Bedroom Apartment With Bq / Flat Apartment FOR Rent,25000000,,,Victoria Island,2026-08-27,19,updated,True,PropertyPro.ng,https://propertypro.ng/agent/nobility-estates1
f68aff716e30bd14,2026-09-15,Lagos,Victoria Island,rent,flat_apartment,2,2 Bedroom Penthouse Apartment Victoria Island Lagos 2 Bedroom Penthouse Apartment / Flat Apartment FOR Rent,20000000,,,Victoria Island,2026-08-20,26,updated,True,PropertyPro.ng,https://propertypro.ng/agent/landlord-hero1
243c4679cce9b5f2,2026-09-15,Abuja,Asokoro,land_sale,land,,1149sqm Land Asokoro Abuja 1149sqm Land / Land FOR Sale,2000000000,1149.0,1740644.04,Asokoro,2026-08-26,20,updated,True,PropertyPro.ng,https://propertypro.ng/agent/openkeys-business-venture
ec9cf6947853ac03,2026-09-15,Lagos,Ikeja GRA,rent,flat_apartment,2,2 Bedroom Apartment Ikeja Gra Ikeja Lagos 2 Bedroom Apartment / Flat Apartment FOR Rent,16000000,,,Ikeja GRA,2026-09-03,12,updated,True,PropertyPro.ng,https://propertypro.ng/agent/projects-and-services
7992889c2e86da44,2026-09-15,Lagos,Victoria Island,land_sale,land,,Land Eko Atlantic City Victoria Island Lagos Land / Land FOR Sale,4800000000,,,Victoria Island,2026-09-03,12,updated,True,PropertyPro.ng,https://propertypro.ng/property/land-for-sale-eko-atlantic-city-victoria-island-lagos-3NRCN
436855e92e734068,2026-09-15,Lagos,Victoria Island,land_sale,land,,"Land Measuring 4,730sqm Ligali Ayorinde Victoria Island Lagos Land Measuring 4,730sqm / Land FOR Sale",3000000,4730.0,634.25,Victoria Island,2026-09-01,14,updated,True,PropertyPro.ng,https://propertypro.ng/property/land-for-sale-ligali-ayorinde-victoria-island-lagos-1PKVD
9c12b30762e7d80b,2026-09-15,Lagos,Victoria Island,land_sale,land,,700sqm Land + Piling & Approved Building Plan Victoria Island Lagos 700sqm Land + Piling & Approved Building Plan / Land FOR Sale,2500000000,700.0,3571428.57,Victoria Island,2026-08-31,15,updated,True,PropertyPro.ng,https://propertypro.ng/agent/tos-property-services
60289e2c759f91f1,2026-09-15,Lagos,Victoria Island,land_sale,land,,8000sqm Waterfront Land Victoria Island Extension Victoria Island Lagos 8000sqm Waterfront Land / Land FOR Sale,3600000,8000.0,3600000.0,Victoria Island,2026-08-29,17,updated,True,PropertyPro.ng,https://propertypro.ng/agent/yusuf-ademola-conigltd
45d0304de0ba9e1a,2026-09-15,Lagos,Victoria Island,land_sale,land,,"Prime Land Measuring 1,785, 1,890 & 1,997 Sqms Eko Atlantic City Victoria Island Lagos Prime Land Measuring 1,785, 1,890 & 1,997 Sqms / Land FOR Sale $ 2,000 PID : 0QCFV Water Trea",,,,Victoria Island,2026-08-24,22,updated,True,PropertyPro.ng,https://propertypro.ng/property/land-for-sale-eko-atlantic-city-victoria-island-lagos-0QCFV
fd49b5368bdd0abb,2026-09-15,Lagos,Ikeja GRA,sale,flat_apartment,3,Newly Built 3 Bedroom Flat With Bq Ikeja Gra Ikeja Lagos Newly Built 3 Bedroom Flat With Bq / Flat Apartment FOR Sale,450000000,,,Ikeja GRA,2026-09-15,0,updated,True,PropertyPro.ng,https://propertypro.ng/agent/seeded-home-realtors-limited
30be338efd48ac2d,2026-09-15,Lagos,Ikeja GRA,sale,flat_apartment,3,Newly Built 3 Bedroom Apartment Ikeja Gra Ikeja Lagos Newly Built 3 Bedroom Apartment / Flat Apartment FOR Sale,400000000,,,Ikeja GRA,2026-09-14,1,updated,True,PropertyPro.ng,https://propertypro.ng/agent/titilayomi-comfort
01c0119c60ea10c8,2026-09-15,Lagos,Ikeja GRA,sale,flat_apartment,3,3 Bedroom Apartments With Elevator &cctv In Gra Lkeja Ikeja Gra Ikeja Gra Ikeja Lagos 3 Bedroom Apartments With Elevator &cctv In Gra Lkeja / Flat Apartment FOR Sale,400000000,,,Ikeja GRA,2026-09-14,1,updated,True,PropertyPro.ng,https://propertypro.ng/property/3-bedroom-flat-apartment-for-sale-ikeja-gra-ikeja-gra-ikeja-lagos-3QCAT
31b25a0fccbd3fc7,2026-09-15,Lagos,Ikeja GRA,sale,flat_apartment,3,3 Bedroom Flat With Bq Ikeja Gra Ikeja Lagos 3 Bedroom Flat With Bq / Flat Apartment FOR Sale,420000000,,,Ikeja GRA,2026-09-08,7,updated,True,PropertyPro.ng,https://propertypro.ng/agent/ayodele-odunuga-company1
bca9e3a452f9f451,2026-09-15,Lagos,Ikeja GRA,rent,flat_apartment,4,A 4 Bedroom Terrace Duplex Off Ikeja Gra Ikeja Gra Ikeja Lagos A 4 Bedroom Terrace Duplex Off Ikeja Gra / Flat Apartment FOR Rent,40000000,,,Ikeja GRA,2026-09-07,8,updated,True,PropertyPro.ng,https://propertypro.ng/agent/muyiwa-awobifa
f1e6de7ae2afb6e8,2026-09-15,Lagos,Ikeja GRA,rent,flat_apartment,3,Luxury 3 Bedroom Flat With Swimming Pool N Gym Ikeja Gra Ikeja Lagos Luxury 3 Bedroom Flat With Swimming Pool N Gym / Flat Apartment FOR Rent,35000000,,,Ikeja GRA,2026-09-01,14,updated,True,PropertyPro.ng,https://propertypro.ng/agent/peec-real-estate-consult
096dcf0d0f485e30,2026-09-15,Lagos,Ikeja GRA,rent,flat_apartment,2,2 Bedroom Apartments Ikeja Gra Ikeja Lagos 2 Bedroom Apartments / Flat Apartment FOR Rent,20000000,,,Ikeja GRA,2026-09-01,14,updated,True,PropertyPro.ng,https://propertypro.ng/property/2-bedroom-flat-apartment-for-rent-ikeja-gra-ikeja-lagos-3PSKR
ef784c25774c7da8,2026-09-15,Lagos,Ikeja GRA,rent,flat_apartment,2,2 Bedroom Apartments Ikeja Gra Ikeja Lagos 2 Bedroom Apartments / Flat Apartment FOR Rent,20000000,,,Ikeja GRA,2026-09-01,14,updated,True,PropertyPro.ng,https://propertypro.ng/agent/west-coast-property-group
e042f9aa0e00259c,2026-09-15,Lagos,Ikeja GRA,rent,flat_apartment,2,2 Bedroom Apartment Ikeja Gra Ikeja Lagos 2 Bedroom Apartment / Flat Apartment FOR Rent,20000000,,,Ikeja GRA,2026-09-01,14,updated,True,PropertyPro.ng,https://propertypro.ng/property/2-bedroom-flat-apartment-for-rent-ikeja-gra-ikeja-lagos-5PSKR
1cff4af80a406449,2026-09-15,Lagos,Ikeja GRA,rent,flat_apartment,2,2 Bedroom Apartment Ikeja Gra Ikeja Lagos 2 Bedroom Apartment / Flat Apartment FOR Rent,20000000,,,Ikeja GRA,2026-09-01,14,updated,True,PropertyPro.ng,https://propertypro.ng/property/2-bedroom-flat-apartment-for-rent-ikeja-gra-ikeja-lagos-4PSKR
20103b7d1267ecda,2026-09-15,Lagos,Ikeja GRA,land_sale,land,,"Land Measuring,4000sqm, 3,423.117 & 1800sqm Ikeja Gra Ikeja Lagos Land Measuring,4000sqm, 3,423.117 & 1800sqm / Land FOR Sale",2000,4000.0,2000.0,Ikeja GRA,2026-08-30,16,updated,True,PropertyPro.ng,https://propertypro.ng/agent/ayoola-n-okesanjo-estate-agency-management
525c7e952b136c14,2026-09-15,Lagos,Ikeja GRA,land_sale,land,,Land Ikeja Gra Ikeja Lagos Land / Land FOR Sale,8500000000,,,Ikeja GRA,2026-08-21,25,updated,True,PropertyPro.ng,https://propertypro.ng/agent/ojo-adebiyi
b4a749bae0b84b77,2026-09-15,Abuja,Asokoro,sale,flat_apartment,3,3 Bedrooms Apartment With Bq For Sale Asokoro Abuja 3 Bedrooms Apartment With Bq For Sale / Flat Apartment FOR Sale,190000000,,,Asokoro,2026-09-04,11,updated,True,PropertyPro.ng,https://propertypro.ng/agent/vnt-global-services-limited
9f01dbb91c2d2025,2026-09-15,Abuja,Maitama,rent,flat_apartment,1,1 Bedroom Flat Maitama Abuja 1 Bedroom Flat / Flat Apartment FOR Rent,2500000,,,Maitama,2026-08-27,19,updated,True,PropertyPro.ng,https://propertypro.ng/agent/chikodi-atiah
72807f059706a728,2026-09-15,Abuja,Asokoro,rent,flat_apartment,1,1 Bedroom Flat Naf Valley Estate Asokoro Abuja 1 Bedroom Flat / Flat Apartment FOR Rent,4000000,,,Asokoro,2026-09-14,1,updated,True,PropertyPro.ng,https://propertypro.ng/agent/oputa-jay-apartments
f304bc9ea23b03b7,2026-09-15,Abuja,Asokoro,rent,flat_apartment,3,3bedroom Apartments For Sale! Guzape Abuja 3bedroom Apartments For Sale! / Flat / Apartment FOR SALE,350000000,,,Asokoro,2026-08-22,24,updated,True,PropertyPro.ng,https://propertypro.ng/agent/shalom-ezekiel
c79272e36cacffa2,2026-09-15,Abuja,Asokoro,rent,flat_apartment,1,Furnished 1 Bedroom Flat Asokoro District By Ecowas Asokoro Abuja Furnished 1 Bedroom Flat / Flat Apartment FOR Rent,8000000,,,Asokoro,2026-09-09,6,updated,True,PropertyPro.ng,https://propertypro.ng/property/1-bedroom-flat-apartment-for-rent-asokoro-district-by-ecowas-asokoro-abuja-9QBHW
faad27e8eef010a5,2026-09-15,Abuja,Asokoro,rent,flat_apartment,1,Furnished 1 Bedroom Flat Asokoro District By Ecowas Asokoro Abuja Furnished 1 Bedroom Flat / Flat Apartment FOR Rent,8000000,,,Asokoro,2026-09-09,6,updated,True,PropertyPro.ng,https://propertypro.ng/agent/jay-realtor
856070f4d4e1260d,2026-09-15,Abuja,Asokoro,land_sale,land,,"3,477.83sqm Residential Land Karu District Abuja Few Minutes Drive To Asokoro Main Asokoro Abuja 3,477.83sqm Residential Land / Land FOR Sale",600000000,3477.83,172521.37,Asokoro,2026-09-07,8,updated,True,PropertyPro.ng,https://propertypro.ng/agent/olamide-realty-limited
c2b8d60dde214cd5,2026-09-15,Abuja,Maitama,sale,flat_apartment,3,"Exquisite 3 Bedroom Apartment With Bq Maitama Extension, Mpape, Maitama Abuja Exquisite 3 Bedroom Apartment With Bq / Flat / Apartment FOR SALE",110000000,,,Maitama,2026-09-05,10,updated,True,PropertyPro.ng,https://propertypro.ng/agent/yoma-homes
2248dd4d09c7c835,2026-09-15,Abuja,Maitama,sale,flat_apartment,3,3 Bedroom Flat Maitama Maitama Abuja 3 Bedroom Flat / Flat Apartment FOR Sale,700000000,,,Maitama,2026-08-28,18,updated,True,PropertyPro.ng,https://propertypro.ng/agent/dees-realties
b8f3ff5aac1efd39,2026-09-15,Abuja,Maitama,sale,flat_apartment,5,5 Bedroom Semi Detached Duplex With Bq Npa Maitama Abuja 5 Bedroom Semi Detached Duplex With Bq / Flat Apartment FOR Sale,1800000000,,,Maitama,2026-08-29,17,updated,True,PropertyPro.ng,https://propertypro.ng/agent/dan-odiete-and-company
da874759bdea038a,2026-09-15,Abuja,Maitama,sale,flat_apartment,2,Self Serviced 2 Bedroom Apartment Freedom Way Lekki Lagos Self Serviced 2 Bedroom Apartment / House FOR SHORTLET,840000,,,Maitama,2026-09-14,1,updated,True,PropertyPro.ng,https://propertypro.ng/property-for-shortlet/is-furnished
6fcaae497a2d57ae,2026-09-15,Abuja,Maitama,sale,flat_apartment,2,Self Serviced 2 Bedroom Apartment Freedom Way Lekki Lagos Self Serviced 2 Bedroom Apartment / House FOR SHORTLET,840000,,,Maitama,2026-09-14,1,updated,True,PropertyPro.ng,https://propertypro.ng/property-for-shortlet/is-serviced
750508aa29593513,2026-09-15,Abuja,Maitama,sale,flat_apartment,3,3 Bedroom Apartment Maitama Abuja 3 Bedroom Apartment / Flat Apartment FOR Sale,350000000,,,Maitama,2026-08-20,26,updated,True,PropertyPro.ng,https://propertypro.ng/agent/olayinka-sobambi1
dc7dc1eb967591b3,2026-09-15,Abuja,Maitama,rent,flat_apartment,2,2 Bedroom Shortlet Maitama Abuja 2 Bedroom Shortlet / Flat Apartment FOR Rent,90000,,,Maitama,2026-08-24,22,updated,True,PropertyPro.ng,https://propertypro.ng/agent/olivemore-homes1
38d89b93c37bb36d,2026-09-15,Abuja,Maitama,rent,flat_apartment,4,"Premium 4 Bedroom Flat Nile Street, Maitama Abuja Maitama Abuja Premium 4 Bedroom Flat / Flat Apartment FOR Rent",60000000,,,Maitama,2026-08-19,27,updated,True,PropertyPro.ng,https://propertypro.ng/property/4-bedroom-flat-apartment-for-rent-nile-street-maitama-abuja-maitama-abuja-8QBAR
afb57eeff5299653,2026-09-15,Abuja,Maitama,land_sale,land,,Land Maitama Abuja Land / Land FOR Sale,1800000000,,,Maitama,2026-09-11,4,updated,True,PropertyPro.ng,https://propertypro.ng/agent/tj-proactive-global-limited1
1e8d9058d642ba62,2026-09-15,Abuja,Maitama,land_sale,land,,Land Measuring 1600sqm Maitama Abuja Land Measuring 1600sqm / Land FOR Sale,3800000000,1600.0,2375000.0,Maitama,2026-08-20,26,updated,True,PropertyPro.ng,https://propertypro.ng/property/land-for-sale-maitama-abuja-1PRYX
8ddea68626e55c71,2026-09-15,Abuja,Maitama,land_sale,land,,33 Acres Of Land Free Trade Zone Ibeju Lekki Lagos 33 Acres Of Land / Land FOR SALE,30000000,,,Maitama,2026-08-18,28,updated,True,PropertyPro.ng,https://propertypro.ng/agent/ngbeken-dennis
476d34956f0823b0,2026-09-15,Lagos,Banana Island,sale,flat_apartment,3,Premium 22,1200000000,,,Banana Island,2026-09-14,1,relative,True,Nigeria Property Centre,https://nigeriapropertycentre.com/for-sale/flats-apartments/lagos/ikoyi/banana-island/3675383-luxury-3-bedroom-furnished-apartment-with-pool
09c9885096497546,2026-09-15,Lagos,Banana Island,sale,flat_apartment,4,1–21 of 524 properties for sale Sort: Default Default Most recent Highest price Lowest price Verification status Premium Plus Top promoted listing 20 photos Video,1200000000,600.0,2000000.0,Banana Island,2026-09-14,1,relative,True,Nigeria Property Centre,https://nigeriapropertycentre.com/for-sale/flats-apartments/lagos/ikoyi/banana-island/3656228-super-spacious-and-luxury-3-bedroom-apartment-with-ensuite-bq
cff18694ca40f7f1,2026-09-15,Lagos,Banana Island,sale,flat_apartment,4,1–21 of 524 properties for sale Sort: Default Default Most recent Highest price Lowest price Verification status Premium Plus Top promoted listing 20 photos Video,1200000000,600.0,2000000.0,Banana Island,2026-09-14,1,relative,True,Nigeria Property Centre,https://nigeriapropertycentre.com/for-sale/flats-apartments/lagos/ikoyi/banana-island/3421281-fully-furnished-views-of-lagos-lagoon-iconic-ikoyi-bridge
355f9a5a32d31b56,2026-09-15,Lagos,Banana Island,sale,flat_apartment,4,1–21 of 524 properties for sale Sort: Default Default Most recent Highest price Lowest price Verification status Premium Plus Top promoted listing 20 photos Video,1200000000,600.0,2000000.0,Banana Island,2026-09-14,1,relative,True,Nigeria Property Centre,https://nigeriapropertycentre.com/for-sale/flats-apartments/lagos/ikoyi/banana-island/3649653-4-bedroom-luxury-high-rise-residence
02593ff09f0fabaa,2026-09-15,Lagos,Banana Island,sale,flat_apartment,4,1–21 of 524 properties for sale Sort: Default Default Most recent Highest price Lowest price Verification status Premium Plus Top promoted listing 20 photos Video,1200000000,600.0,2000000.0,Banana Island,2026-09-14,1,relative,True,Nigeria Property Centre,https://nigeriapropertycentre.com/for-sale/flats-apartments/lagos/ikoyi/banana-island/3649987-3-bedroom-apartment
d18930273d6e4c64,2026-09-15,Lagos,Banana Island,rent,flat_apartment,3,Premium Plus Top promoted listing 20 photos,40000000,,,Banana Island,2026-09-15,0,relative,True,Nigeria Property Centre,https://nigeriapropertycentre.com/for-rent/flats-apartments/lagos/ikoyi/banana-island/3388573-luxury-3-bedroom-fully-furnished-flat-with-excellent-facility
23bcb1813729eac8,2026-09-15,Lagos,Banana Island,rent,flat_apartment,3,"/ apartment for rent 3 Bedroom Semi Furnished Apartment For rent Semi Furnished 3 Bedroom Apartment with Elevator + Swimming Pool + Gym Location: Banana Island, Ikoyi, Lagos Rent:",35000000,,,Banana Island,2026-09-15,0,relative,True,Nigeria Property Centre,https://nigeriapropertycentre.com/for-rent/flats-apartments/lagos/ikoyi/banana-island/3676523-3-bedroom-semi-furnished-apartment
6458d8f8bdb95a4d,2026-09-15,Lagos,Banana Island,rent,flat_apartment,3,Premium 25,35000000,,,Banana Island,2026-09-15,0,relative,True,Nigeria Property Centre,https://nigeriapropertycentre.com/for-rent/flats-apartments/lagos/ikoyi/banana-island/3675750-3-bedroom-apartment-with-elevator
2d2fcf68ace5a751,2026-09-15,Lagos,Banana Island,rent,flat_apartment,3,Premium 11,55000000,,,Banana Island,2026-09-14,1,relative,True,Nigeria Property Centre,https://nigeriapropertycentre.com/for-rent/flats-apartments/lagos/ikoyi/banana-island/3675668-furnished-3-bedroom-apartment-with-bq
e39b8cf69bb1d33a,2026-09-15,Lagos,Banana Island,rent,flat_apartment,4,"Apartment, BQ, Pool, Jetty, Squash, Etc Direct clients preferable Premium 4 bedroom apartment with bq, gym, swimming pool, kids play area, squash etc in Parkview Estate Ikoyi Rent:",55000000,,,Banana Island,2026-09-14,1,relative,True,Nigeria Property Centre,https://nigeriapropertycentre.com/for-rent/flats-apartments/lagos/ikoyi/banana-island/3675259-premium-4-bedroom-apartment-bq-pool-jetty-squash-etc
c73572f9dfef6dfd,2026-09-15,Lagos,Banana Island,rent,flat_apartment,2,"Premium 5 ₦25,000,000 /yr Flat / apartment for rent 2 Bedroom Self-Serviced Apartment with BQ Selfserviced 2bedroom apartment with a bq in banana island for rent. Solar/inverter/ge",25000000,,,Banana Island,2026-09-14,1,relative,True,Nigeria Property Centre,https://nigeriapropertycentre.com/for-rent/flats-apartments/lagos/ikoyi/banana-island/3675258-2-bedroom-self-serviced-apartment-with-bq
6fa18606f11f21d8,2026-09-15,Lagos,Banana Island,rent,flat_apartment,3,rs (BQ) Fully Fitted Kitchen Private Balconies Elevator Swimming Pool Fully Equipped Gym House 24/7 Power Supply Serene & Secure Residential Environment Rental Details Annual Rent:,40000000,,,Banana Island,2026-09-14,1,relative,True,Nigeria Property Centre,https://nigeriapropertycentre.com/for-rent/flats-apartments/lagos/ikoyi/banana-island/3674648-3-bedroom-apartment-bq
78d4eae8aff58ba9,2026-09-15,Lagos,Banana Island,land_sale,land,,1–20 of 189 properties for sale Sort: Default Default Most recent Highest price Lowest price Verification status Premium 1,7000000000,1200.0,5000000.0,Banana Island,2026-09-14,1,relative,True,Nigeria Property Centre,https://nigeriapropertycentre.com/for-sale/land/residential-land/lagos/ikoyi/banana-island/3390076-waterfront-1200sqm-land
b9a0aac03cb0e0dd,2026-09-15,Lagos,Banana Island,land_sale,land,,"per sq.m Residential land for sale 2,600 SQM Waterfront Land Location: Off 3rd Avenue, Banana Island Estate, Ikoyi, Lagos Property Type: Waterfront Land Land Size: 2,600 SQM Price:",5000000,2600.0,5000000.0,Banana Island,2026-09-14,1,relative,True,Nigeria Property Centre,https://nigeriapropertycentre.com/for-sale/land/residential-land/lagos/ikoyi/banana-island/3675367-2600-sqm-waterfront-land
d3de7f3279e9438e,2026-09-15,Lagos,Banana Island,land_sale,land,,"Premium 1 ₦4,800,000,000 Residential land for sale 900SQM of Land Jord 102 Close, Banana Island, Ikoyi, Lagos Added yesterday Crown Property Global Consultant",4800000000,900.0,5333333.33,Banana Island,2026-09-14,1,relative,True,Nigeria Property Centre,https://nigeriapropertycentre.com/for-sale/land/residential-land/lagos/ikoyi/banana-island/3675061-900sqm-of-land
ada63e04c0550f00,2026-09-15,Lagos,Banana Island,land_sale,land,,"or sale 2,594SQM Waterfront Land Deals on deals banana island banana island waterfront.* Location: Banana Island, Ikoyi, Lagos Land Size: 2,594 sqm Title: Lagos State C of O Price:",4800000,2594.0,4800000.0,Banana Island,2026-09-14,1,relative,True,Nigeria Property Centre,https://nigeriapropertycentre.com/for-sale/land/residential-land/lagos/ikoyi/banana-island/3674206-2594sqm-waterfront-land
3687e9227faa415f,2026-09-15,Lagos,Banana Island,land_sale,land,,1–20 of 189 properties for sale Sort: Default Default Most recent Highest price Lowest price Verification status Premium 1,7000000000,1200.0,5000000.0,Banana Island,2026-09-14,1,relative,True,Nigeria Property Centre,https://nigeriapropertycentre.com/for-sale/land/residential-land/lagos/ikoyi/banana-island/3673322-waterfront-land
2a27634f3039ffb6,2026-09-15,Lagos,Banana Island,land_sale,land,,1–20 of 189 properties for sale Sort: Default Default Most recent Highest price Lowest price Verification status Premium 1,7000000000,1200.0,5000000.0,Banana Island,2026-09-14,1,relative,True,Nigeria Property Centre,https://nigeriapropertycentre.com/for-sale/land/residential-land/lagos/ikoyi/banana-island/3671718-waterfront-residential-land
b91591c77b1abd28,2026-09-15,Lagos,Banana Island,land_sale,land,,1–20 of 189 properties for sale Sort: Default Default Most recent Highest price Lowest price Verification status Premium 1,7000000000,1200.0,5000000.0,Banana Island,2026-09-14,1,relative,True,Nigeria Property Centre,https://nigeriapropertycentre.com/for-sale/land/residential-land/lagos/ikoyi/banana-island/3625362-premium-500-sqm-land-in-a-close-in-an-estate
9b70ebaef46785e7,2026-09-15,Lagos,Banana Island,land_sale,land,,1–20 of 189 properties for sale Sort: Default Default Most recent Highest price Lowest price Verification status Premium 1,7000000000,1200.0,5000000.0,Banana Island,2026-09-14,1,relative,True,Nigeria Property Centre,https://nigeriapropertycentre.com/for-sale/land/residential-land/lagos/ikoyi/banana-island/3670995-prime-1200sqm-land
ce23f770dabf8bea,2026-09-15,Lagos,Banana Island,land_sale,land,,1–20 of 189 properties for sale Sort: Default Default Most recent Highest price Lowest price Verification status Premium 1,7000000000,1200.0,5000000.0,Banana Island,2026-09-14,1,relative,True,Nigeria Property Centre,https://nigeriapropertycentre.com/for-sale/land/residential-land/lagos/ikoyi/banana-island/3670891-waterfront-residential-land
ce123f9af5fcfd8e,2026-09-15,Lagos,Banana Island,land_sale,land,,1–20 of 189 properties for sale Sort: Default Default Most recent Highest price Lowest price Verification status Premium 1,7000000000,1200.0,5000000.0,Banana Island,2026-09-14,1,relative,True,Nigeria Property Centre,https://nigeriapropertycentre.com/for-sale/land/residential-land/lagos/ikoyi/banana-island/3670887-1000-sqm-residential-land
debc115a9e77d006,2026-09-15,Lagos,Banana Island,land_sale,land,,1–20 of 189 properties for sale Sort: Default Default Most recent Highest price Lowest price Verification status Premium 1,7000000000,1200.0,5000000.0,Banana Island,2026-09-14,1,relative,True,Nigeria Property Centre,https://nigeriapropertycentre.com/for-sale/land/residential-land/lagos/ikoyi/banana-island/2935360-water-front-land-measuring-2200-sqm
179ce73ba860181d,2026-09-15,Lagos,Banana Island,land_sale,land,,1–20 of 189 properties for sale Sort: Default Default Most recent Highest price Lowest price Verification status Premium 1,7000000000,1200.0,5000000.0,Banana Island,2026-09-14,1,relative,True,Nigeria Property Centre,https://nigeriapropertycentre.com/for-sale/land/residential-land/lagos/ikoyi/banana-island/3663467-verified-3403sqm-waterfront-plot
c4071e6662ce429b,2026-09-15,Lagos,Old Ikoyi,sale,flat_apartment,4,1–21 of 570 properties for sale Sort: Default Default Most recent Highest price Lowest price Verification status Premium Plus Top promoted listing 7 photos,700000000,520.0,1346153.85,Old Ikoyi,2026-09-15,0,relative,True,Nigeria Property Centre,https://nigeriapropertycentre.com/for-sale/flats-apartments/lagos/ikoyi/old-ikoyi/3676349-super-luxury-4-beds-maisonette-with-bq
ad627ed486b1c0fb,2026-09-15,Lagos,Old Ikoyi,sale,flat_apartment,3,"Premium 18 $1,100,000 Flat / apartment for sale Luxury 3-Bedroom Apartment + Gym, Elevator, Concierge, Pool 3-Bedroom Apartment - Old Ikoyi - From $1.1M For Investment: Luxury 3-be",,,,Old Ikoyi,2026-09-15,0,relative,True,Nigeria Property Centre,https://nigeriapropertycentre.com/for-sale/flats-apartments/lagos/ikoyi/old-ikoyi/3675803-luxury-3-bedroom-apartment-gym-elevator-concierge-pool
e2d72396b1642596,2026-09-15,Lagos,Old Ikoyi,sale,flat_apartment,4,1–21 of 570 properties for sale Sort: Default Default Most recent Highest price Lowest price Verification status Premium Plus Top promoted listing 7 photos,700000000,520.0,1346153.85,Old Ikoyi,2026-09-15,0,relative,True,Nigeria Property Centre,https://nigeriapropertycentre.com/for-sale/flats-apartments/lagos/ikoyi/old-ikoyi/3672305-5-bedroom-apartment-bq
ef0a43233955c1e9,2026-09-15,Lagos,Old Ikoyi,sale,flat_apartment,3,Premium 10,1000000000,,,Old Ikoyi,2026-09-14,1,relative,True,Nigeria Property Centre,https://nigeriapropertycentre.com/for-sale/flats-apartments/lagos/ikoyi/old-ikoyi/3674952-luxury-3-bedroom-flat
89484d04a0bcd12a,2026-09-15,Lagos,Old Ikoyi,sale,flat_apartment,4,1–21 of 570 properties for sale Sort: Default Default Most recent Highest price Lowest price Verification status Premium Plus Top promoted listing 7 photos,700000000,520.0,1346153.85,Old Ikoyi,2026-09-15,0,relative,True,Nigeria Property Centre,https://nigeriapropertycentre.com/for-sale/flats-apartments/lagos/ikoyi/old-ikoyi/3674884-3-bedroom-apartment-with-bq
91474f9eb00a5e40,2026-09-15,Lagos,Old Ikoyi,sale,flat_apartment,4,1–21 of 570 properties for sale Sort: Default Default Most recent Highest price Lowest price Verification status Premium Plus Top promoted listing 7 photos,700000000,520.0,1346153.85,Old Ikoyi,2026-09-15,0,relative,True,Nigeria Property Centre,https://nigeriapropertycentre.com/for-sale/flats-apartments/lagos/ikoyi/old-ikoyi/3674393-3-bedroom-luxury-apartment
7cbfdc6473c7997c,2026-09-15,Lagos,Old Ikoyi,sale,flat_apartment,4,1–21 of 570 properties for sale Sort: Default Default Most recent Highest price Lowest price Verification status Premium Plus Top promoted listing 7 photos,700000000,520.0,1346153.85,Old Ikoyi,2026-09-15,0,relative,True,Nigeria Property Centre,https://nigeriapropertycentre.com/for-sale/flats-apartments/lagos/ikoyi/old-ikoyi/3674307-5-bedroom-maisonette-penthouse
0cf645440c17a217,2026-09-15,Lagos,Old Ikoyi,sale,flat_apartment,4,1–21 of 570 properties for sale Sort: Default Default Most recent Highest price Lowest price Verification status Premium Plus Top promoted listing 7 photos,700000000,520.0,1346153.85,Old Ikoyi,2026-09-15,0,relative,True,Nigeria Property Centre,https://nigeriapropertycentre.com/for-sale/flats-apartments/lagos/ikoyi/old-ikoyi/2709628-offplan-iconic-apartments
e7c2fb97fda75b2c,2026-09-15,Lagos,Old Ikoyi,sale,flat_apartment,4,1–21 of 570 properties for sale Sort: Default Default Most recent Highest price Lowest price Verification status Premium Plus Top promoted listing 7 photos,700000000,520.0,1346153.85,Old Ikoyi,2026-09-15,0,relative,True,Nigeria Property Centre,https://nigeriapropertycentre.com/for-sale/flats-apartments/lagos/ikoyi/old-ikoyi/3566185-luxury-4-bedroom-maisonette-with-maids-room
8eff7733322555d8,2026-09-15,Lagos,Old Ikoyi,sale,flat_apartment,4,1–21 of 570 properties for sale Sort: Default Default Most recent Highest price Lowest price Verification status Premium Plus Top promoted listing 7 photos,700000000,520.0,1346153.85,Old Ikoyi,2026-09-15,0,relative,True,Nigeria Property Centre,https://nigeriapropertycentre.com/for-sale/flats-apartments/lagos/ikoyi/old-ikoyi/3569161-luxury-3-bedroom-apartment-with-a-bq
3b9b4c5cae81c7f0,2026-09-15,Lagos,Old Ikoyi,sale,flat_apartment,4,1–21 of 570 properties for sale Sort: Default Default Most recent Highest price Lowest price Verification status Premium Plus Top promoted listing 7 photos,700000000,520.0,1346153.85,Old Ikoyi,2026-09-15,0,relative,True,Nigeria Property Centre,https://nigeriapropertycentre.com/for-sale/flats-apartments/lagos/ikoyi/old-ikoyi/3660856-luxury-5-bedroom-penthouse-with-2-ensuite-boys-quarters
f0e75b70640f51cb,2026-09-15,Lagos,Old Ikoyi,rent,flat_apartment,4,"rtment for rent Available Oct- Premium & Furnished 4 Bedroom Apartment, Pool and Gym Direct clients preferable Premium furnished 4 apartment, swimming pool, gym, in old Ikoyi Rent:",40000000,,,Old Ikoyi,2026-09-15,0,relative,True,Nigeria Property Centre,https://nigeriapropertycentre.com/for-rent/flats-apartments/lagos/ikoyi/old-ikoyi/3676493-available-oct-premium-furnished-4-bedroom-apartment-pool-and-gym
c835b696306ec2c9,2026-09-15,Lagos,Old Ikoyi,rent,flat_apartment,3,Premium 21,35000000,,,Old Ikoyi,2026-09-14,1,relative,True,Nigeria Property Centre,https://nigeriapropertycentre.com/for-rent/flats-apartments/lagos/ikoyi/old-ikoyi/3675708-3-bedroom-apartment-with-boys-quarters
1e0f7bc881a018d4,2026-09-15,Lagos,Old Ikoyi,rent,flat_apartment,3,"Premium 9 ₦700,000,000 /yr Flat / apartment for rent Luxury Furnished 3 Bedroom Apartment with BQ For sale 2 Units of luxury furnished 3 bedroom flatbwith bq, fitted kitchen, ensui",700000000,,,Old Ikoyi,2026-09-14,1,relative,True,Nigeria Property Centre,https://nigeriapropertycentre.com/for-rent/flats-apartments/lagos/ikoyi/old-ikoyi/3675430-luxury-furnished-3-bedroom-apartment-with-bq
4d8dddc7addae190,2026-09-15,Lagos,Old Ikoyi,rent,flat_apartment,4,"Premium $100,000 /yr Flat / apartment for rent Newly Built 4 Bedroom Pent House with Servant Quarters Newly built and tastefully 4 bedroom pent house with servant quarters in the h",,,,Old Ikoyi,2026-09-14,1,relative,True,Nigeria Property Centre,https://nigeriapropertycentre.com/for-rent/flats-apartments/lagos/ikoyi/old-ikoyi/3675411-newly-built-4-bedroom-pent-house-with-servant-quarters
e99ad061cd1df794,2026-09-15,Lagos,Old Ikoyi,rent,flat_apartment,3,Premium 10 Video,30000000,,,Old Ikoyi,2026-09-14,1,relative,True,Nigeria Property Centre,https://nigeriapropertycentre.com/for-rent/flats-apartments/lagos/ikoyi/old-ikoyi/3675239-3-bedroom-furnished-apartment-with-bq-pool-gym
af0ca3a000e2fe63,2026-09-15,Lagos,Old Ikoyi,land_sale,land,,"Premium 1 ₦5,000,000 per sq.m Residential land for sale Residential Land Land for sale. Old ikoyi 550sqm with lagos c of o Location: Cameron close.old ikoyi. Note: only a single dw",5000000,550.0,5000000.0,Old Ikoyi,2026-09-14,1,relative,True,Nigeria Property Centre,https://nigeriapropertycentre.com/for-sale/land/residential-land/lagos/ikoyi/old-ikoyi/3675323-residential-land
709772f66c83c7d6,2026-09-15,Lagos,Old Ikoyi,land_sale,land,,"Premium 1 ₦5,000,000 per sq.m Residential land for sale Residential Land with Water View 3771 sqm water view property Queens drive . Old ikoyi Federal c of o Queens Drive, Old Ikoy",5000000,3771.0,5000000.0,Old Ikoyi,2026-09-14,1,relative,True,Nigeria Property Centre,https://nigeriapropertycentre.com/for-sale/land/residential-land/lagos/ikoyi/old-ikoyi/3675302-residential-land-with-water-view
f1be513ac9a59117,2026-09-15,Lagos,Old Ikoyi,land_sale,land,4,1–20 of 76 properties for sale Sort: Default Default Most recent Highest price Lowest price Verification status Premium 1,5000000,550.0,5000000.0,Old Ikoyi,2026-09-15,0,relative,True,Nigeria Property Centre,https://nigeriapropertycentre.com/for-sale/land/residential-land/lagos/ikoyi/old-ikoyi/3671293-residential-land
b7477fd5d309dccc,2026-09-15,Lagos,Old Ikoyi,land_sale,land,4,1–20 of 76 properties for sale Sort: Default Default Most recent Highest price Lowest price Verification status Premium 1,5000000,550.0,5000000.0,Old Ikoyi,2026-09-15,0,relative,True,Nigeria Property Centre,https://nigeriapropertycentre.com/for-sale/land/residential-land/lagos/ikoyi/old-ikoyi/3585579-fenced-dry-land-measuring-1400-sqm
b1b3809757c06b3e,2026-09-15,Lagos,Old Ikoyi,land_sale,land,4,1–20 of 76 properties for sale Sort: Default Default Most recent Highest price Lowest price Verification status Premium 1,5000000,550.0,5000000.0,Old Ikoyi,2026-09-15,0,relative,True,Nigeria Property Centre,https://nigeriapropertycentre.com/for-sale/land/residential-land/lagos/ikoyi/old-ikoyi/3666736-residential-land-with-structure-on-it
3c02163b438115e0,2026-09-15,Lagos,Old Ikoyi,land_sale,land,4,1–20 of 76 properties for sale Sort: Default Default Most recent Highest price Lowest price Verification status Premium 1,5000000,550.0,5000000.0,Old Ikoyi,2026-09-15,0,relative,True,Nigeria Property Centre,https://nigeriapropertycentre.com/for-sale/land/residential-land/lagos/ikoyi/old-ikoyi/3666482-land-with-c-of-o
192638de01ace377,2026-09-15,Lagos,Old Ikoyi,land_sale,land,4,1–20 of 76 properties for sale Sort: Default Default Most recent Highest price Lowest price Verification status Premium 1,5000000,550.0,5000000.0,Old Ikoyi,2026-09-15,0,relative,True,Nigeria Property Centre,https://nigeriapropertycentre.com/for-sale/land/residential-land/lagos/ikoyi/old-ikoyi/3662517-residential-land
7dfdc053e2305de2,2026-09-15,Lagos,Old Ikoyi,land_sale,land,4,1–20 of 76 properties for sale Sort: Default Default Most recent Highest price Lowest price Verification status Premium 1,5000000,550.0,5000000.0,Old Ikoyi,2026-09-15,0,relative,True,Nigeria Property Centre,https://nigeriapropertycentre.com/for-sale/land/residential-land/lagos/ikoyi/old-ikoyi/3647274-prime-4-300sqm-residential-development-land
d2d5eb1b4289638a,2026-09-15,Lagos,Old Ikoyi,land_sale,land,4,1–20 of 76 properties for sale Sort: Default Default Most recent Highest price Lowest price Verification status Premium 1,5000000,550.0,5000000.0,Old Ikoyi,2026-09-15,0,relative,True,Nigeria Property Centre,https://nigeriapropertycentre.com/for-sale/land/residential-land/lagos/ikoyi/old-ikoyi/3644964-prime-land
541806e8e53ce8a5,2026-09-15,Lagos,Old Ikoyi,land_sale,land,4,1–20 of 76 properties for sale Sort: Default Default Most recent Highest price Lowest price Verification status Premium 1,5000000,550.0,5000000.0,Old Ikoyi,2026-09-15,0,relative,True,Nigeria Property Centre,https://nigeriapropertycentre.com/for-sale/land/residential-land/lagos/ikoyi/old-ikoyi/3631792-residential-land
dd100a9f90f65fe0,2026-09-15,Lagos,Old Ikoyi,land_sale,land,4,1–20 of 76 properties for sale Sort: Default Default Most recent Highest price Lowest price Verification status Premium 1,5000000,550.0,5000000.0,Old Ikoyi,2026-09-15,0,relative,True,Nigeria Property Centre,https://nigeriapropertycentre.com/for-sale/land/residential-land/lagos/ikoyi/old-ikoyi/3612214-residential-land
f5c36a300700694d,2026-09-15,Lagos,Old Ikoyi,land_sale,land,4,1–20 of 76 properties for sale Sort: Default Default Most recent Highest price Lowest price Verification status Premium 1,5000000,550.0,5000000.0,Old Ikoyi,2026-09-15,0,relative,True,Nigeria Property Centre,https://nigeriapropertycentre.com/for-sale/land/residential-land/lagos/ikoyi/old-ikoyi/3333153-1200sqm-land
394b5e797a6a9f67,2026-09-15,Lagos,Lekki Phase 1,sale,flat_apartment,2,Premium 16,200000000,,,Lekki Phase 1,2026-09-15,0,relative,True,Nigeria Property Centre,https://nigeriapropertycentre.com/for-sale/flats-apartments/lagos/lekki/lekki-phase-1/3676318-2-bedroom-apartment
6398b1ca1baebab4,2026-09-15,Lagos,Lekki Phase 1,sale,flat_apartment,2,Premium 10,450000000,,,Lekki Phase 1,2026-09-15,0,relative,True,Nigeria Property Centre,https://nigeriapropertycentre.com/for-sale/flats-apartments/lagos/lekki/lekki-phase-1/3676325-2-bedroom-maisonette-with-swimming-pool
368d70f109e2f0c6,2026-09-15,Lagos,Lekki Phase 1,sale,flat_apartment,3,Premium 15,450000000,,,Lekki Phase 1,2026-09-15,0,relative,True,Nigeria Property Centre,https://nigeriapropertycentre.com/for-sale/flats-apartments/lagos/lekki/lekki-phase-1/3676259-3-bedroom-apartment-with-bq
7150c886c9a61c84,2026-09-15,Lagos,Lekki Phase 1,sale,flat_apartment,2,Premium 17,300000000,,,Lekki Phase 1,2026-09-15,0,relative,True,Nigeria Property Centre,https://nigeriapropertycentre.com/for-sale/flats-apartments/lagos/lekki/lekki-phase-1/3676256-2-bedroom-apartment
10d228294b9f7902,2026-09-15,Lagos,Lekki Phase 1,sale,flat_apartment,1,"Premium 4 ₦170,000,000 Mini flat (room and parlour) for sale 1 Bedroom Penthouse For sale 1 bedroom penthouse Price:170m Vid available on request Off Freedom Way Lekki Phase 1, Lek",170000000,,,Lekki Phase 1,2026-09-14,1,relative,True,Nigeria Property Centre,https://nigeriapropertycentre.com/for-sale/flats-apartments/mini-flats/lagos/lekki/lekki-phase-1/3674993-1-bedroom-penthouse
88bd84aaecc58f43,2026-09-15,Lagos,Lekki Phase 1,sale,flat_apartment,2,Premium 10,270000000,,,Lekki Phase 1,2026-09-15,0,relative,True,Nigeria Property Centre,https://nigeriapropertycentre.com/for-sale/flats-apartments/lagos/lekki/lekki-phase-1/3676121-2-bedroom-apartment
3db7b903481488ce,2026-09-15,Lagos,Lekki Phase 1,sale,flat_apartment,2,Premium 15,250000000,,,Lekki Phase 1,2026-09-14,1,relative,True,Nigeria Property Centre,https://nigeriapropertycentre.com/for-sale/flats-apartments/lagos/lekki/lekki-phase-1/3675168-2-bedrooms-apartment
f6001a6392f8a767,2026-09-15,Lagos,Lekki Phase 1,rent,flat_apartment,3,ith quality furnishings Waterfront view Swimming pool Fully equipped gym Private jetty access High-speed elevators Located in a secure and serene estate Rental Details Annual Rent:,35000000,,,Lekki Phase 1,2026-09-15,0,relative,True,Nigeria Property Centre,https://nigeriapropertycentre.com/for-rent/flats-apartments/lagos/lekki/lekki-phase-1/3618330-3-bedroom-apartment
ac1439669f763ab2,2026-09-15,Lagos,Lekki Phase 1,rent,flat_apartment,3,"Premium 5 ₦23,000,000 /yr Flat / apartment for rent 3 Bedroom with BQ 3 bedroom with BQ Rent: 23m Service: 2.3m Agency, Legal and Caution: 10% each Off Durosinmi Etti Street, Lekki",23000000,,,Lekki Phase 1,2026-09-15,0,relative,True,Nigeria Property Centre,https://nigeriapropertycentre.com/for-rent/flats-apartments/lagos/lekki/lekki-phase-1/3676409-3-bedroom-with-bq
5ec3e9c9cdfe1511,2026-09-15,Lagos,Lekki Phase 1,rent,flat_apartment,1,"Premium 7 ₦10,000,000 /yr Flat / apartment for rent 1 Bedroom Furnished Apartment Lovely furnished 1 bedroom apartment in Lekki phase 1. Rent: 10m Service charge 1.5m Agency legal ",10000000,,,Lekki Phase 1,2026-09-15,0,relative,True,Nigeria Property Centre,https://nigeriapropertycentre.com/for-rent/flats-apartments/lagos/lekki/lekki-phase-1/3676361-1-bedroom-furnished-apartment
1ce1c812f35bef99,2026-09-15,Lagos,Lekki Phase 1,rent,flat_apartment,2,Premium 11,30000000,,,Lekki Phase 1,2026-09-15,0,relative,True,Nigeria Property Centre,https://nigeriapropertycentre.com/for-rent/flats-apartments/lagos/lekki/lekki-phase-1/3676333-furnished-2-bedroom-apartment-with-swimming-pool
4025097fbb803066,2026-09-15,Lagos,Lekki Phase 1,rent,flat_apartment,3,Premium 10,15000000,,,Lekki Phase 1,2026-09-15,0,relative,True,Nigeria Property Centre,https://nigeriapropertycentre.com/for-rent/flats-apartments/lagos/lekki/lekki-phase-1/3676291-3-bedroom-apartment-with-bq
6182b1cc2ea90fcc,2026-09-15,Lagos,Lekki Phase 1,rent,flat_apartment,3,"1–21 of 3,468 properties for rent Sort: Default Default Most recent Highest price Lowest price Verification status Premium Plus Top promoted listing 22 photos",20000000,1.0,20000000.0,Lekki Phase 1,2026-09-15,0,relative,True,Nigeria Property Centre,https://nigeriapropertycentre.com/for-rent/flats-apartments/self-contained/lagos/lekki/lekki-phase-1/3659840-big-self-contain
2b81916f5113715e,2026-09-15,Lagos,Lekki Phase 1,rent,flat_apartment,2,Premium 24,18000000,,,Lekki Phase 1,2026-09-15,0,relative,True,Nigeria Property Centre,https://nigeriapropertycentre.com/for-rent/flats-apartments/lagos/lekki/lekki-phase-1/3676134-2-bedroom-massionate
beb2775bfcbb3247,2026-09-15,Lagos,Lekki Phase 1,rent,flat_apartment,2,Premium 13,15000000,,,Lekki Phase 1,2026-09-14,1,relative,True,Nigeria Property Centre,https://nigeriapropertycentre.com/for-rent/flats-apartments/lagos/lekki/lekki-phase-1/3674950-2-bedrooms-apartment-and-bq
6ea8778e472528a6,2026-09-15,Lagos,Lekki Phase 1,rent,flat_apartment,2,Premium 18,8000000,,,Lekki Phase 1,2026-09-15,0,relative,True,Nigeria Property Centre,https://nigeriapropertycentre.com/for-rent/flats-apartments/lagos/lekki/lekki-phase-1/3676064-spacious-2-bedroom-flat-only-2-units-in-compound-upstairs
d59429cd03374187,2026-09-15,Lagos,Lekki Phase 1,rent,flat_apartment,2,Premium 25,10000000,,,Lekki Phase 1,2026-09-15,0,relative,True,Nigeria Property Centre,https://nigeriapropertycentre.com/for-rent/flats-apartments/lagos/lekki/lekki-phase-1/3676050-spacious-2-bedroom-flat-with-6-car-parking-residential-or-commercial
52f501bc830377c8,2026-09-15,Lagos,Lekki Phase 1,land_sale,land,,1–21 of 299 properties for sale Sort: Default Default Most recent Highest price Lowest price Verification status Premium Plus Top promoted listing 24 photos,1650000,1500.0,1650000.0,Lekki Phase 1,2026-09-14,1,relative,True,Nigeria Property Centre,https://nigeriapropertycentre.com/for-sale/land/residential-land/lagos/lekki/lekki-phase-1/3476015-waterfront-land
f824477d3b1c14cb,2026-09-15,Lagos,Lekki Phase 1,land_sale,land,,"Premium 1 ₦2,200,000,000 Residential land for sale Prime 1335 SQM Plot nice Serena area by Noah's court tesmont close , very secured residential location, plot suitable for luxury ",2200000000,1335.0,1647940.07,Lekki Phase 1,2026-09-14,1,relative,True,Nigeria Property Centre,https://nigeriapropertycentre.com/for-sale/land/residential-land/lagos/lekki/lekki-phase-1/3674271-prime-1335-sqm-plot
6b6039aa22a41b97,2026-09-15,Lagos,Lekki Phase 1,land_sale,land,,1–21 of 299 properties for sale Sort: Default Default Most recent Highest price Lowest price Verification status Premium Plus Top promoted listing 24 photos,1650000,1500.0,1650000.0,Lekki Phase 1,2026-09-14,1,relative,True,Nigeria Property Centre,https://nigeriapropertycentre.com/for-sale/land/residential-land/lagos/lekki/lekki-phase-1/3672189-exclusive-265-acres-of-residential-land
c2fb6323056580e2,2026-09-15,Lagos,Lekki Phase 1,land_sale,land,,1–21 of 299 properties for sale Sort: Default Default Most recent Highest price Lowest price Verification status Premium Plus Top promoted listing 24 photos,1650000,1500.0,1650000.0,Lekki Phase 1,2026-09-14,1,relative,True,Nigeria Property Centre,https://nigeriapropertycentre.com/for-sale/land/residential-land/lagos/lekki/lekki-phase-1/3667959-866-sqm-of-residential-land-with-structure
acad0f6ede171a72,2026-09-15,Lagos,Lekki Phase 1,land_sale,land,,1–21 of 299 properties for sale Sort: Default Default Most recent Highest price Lowest price Verification status Premium Plus Top promoted listing 24 photos,1650000,1500.0,1650000.0,Lekki Phase 1,2026-09-14,1,relative,True,Nigeria Property Centre,https://nigeriapropertycentre.com/for-sale/land/residential-land/lagos/lekki/lekki-phase-1/3627974-1900sqm-fenced-sandfilled-land-with-governors-consent
389830f1cd11d0b9,2026-09-15,Lagos,Lekki Phase 1,land_sale,land,,1–21 of 299 properties for sale Sort: Default Default Most recent Highest price Lowest price Verification status Premium Plus Top promoted listing 24 photos,1650000,1500.0,1650000.0,Lekki Phase 1,2026-09-14,1,relative,True,Nigeria Property Centre,https://nigeriapropertycentre.com/for-sale/land/residential-land/lagos/lekki/lekki-phase-1/2996387-empty-land-size-2000-square-meter
52fd0722f39d1e67,2026-09-15,Lagos,Lekki Phase 1,land_sale,land,,1–21 of 299 properties for sale Sort: Default Default Most recent Highest price Lowest price Verification status Premium Plus Top promoted listing 24 photos,1650000,1500.0,1650000.0,Lekki Phase 1,2026-09-14,1,relative,True,Nigeria Property Centre,https://nigeriapropertycentre.com/for-sale/land/residential-land/lagos/lekki/lekki-phase-1/3612103-830-sqm-land-with-demolishable-structure
a3ed38baf431f180,2026-09-15,Lagos,Lekki Phase 1,land_sale,land,,1–21 of 299 properties for sale Sort: Default Default Most recent Highest price Lowest price Verification status Premium Plus Top promoted listing 24 photos,1650000,1500.0,1650000.0,Lekki Phase 1,2026-09-14,1,relative,True,Nigeria Property Centre,https://nigeriapropertycentre.com/for-sale/land/residential-land/lagos/lekki/lekki-phase-1/2815360-original-allotted-1370-sqm-plot
d7113963f268043a,2026-09-15,Lagos,Lekki Phase 1,land_sale,land,,1–21 of 299 properties for sale Sort: Default Default Most recent Highest price Lowest price Verification status Premium Plus Top promoted listing 24 photos,1650000,1500.0,1650000.0,Lekki Phase 1,2026-09-14,1,relative,True,Nigeria Property Centre,https://nigeriapropertycentre.com/for-sale/land/residential-land/lagos/lekki/lekki-phase-1/3514433-1300-sqm-land
2683731f45660df3,2026-09-15,Lagos,Lekki Phase 1,land_sale,land,,1–21 of 299 properties for sale Sort: Default Default Most recent Highest price Lowest price Verification status Premium Plus Top promoted listing 24 photos,1650000,1500.0,1650000.0,Lekki Phase 1,2026-09-14,1,relative,True,Nigeria Property Centre,https://nigeriapropertycentre.com/for-sale/land/residential-land/lagos/lekki/lekki-phase-1/3514434-851-sqm-land-with-structure
aca99528aab3afec,2026-09-15,Lagos,Lekki Phase 1,land_sale,land,,1–21 of 299 properties for sale Sort: Default Default Most recent Highest price Lowest price Verification status Premium Plus Top promoted listing 24 photos,1650000,1500.0,1650000.0,Lekki Phase 1,2026-09-14,1,relative,True,Nigeria Property Centre,https://nigeriapropertycentre.com/for-sale/land/residential-land/lagos/lekki/lekki-phase-1/3670882-1000-sqm-residential-land
095ebaebc3592f32,2026-09-15,Lagos,Lekki Phase 1,land_sale,land,,1–21 of 299 properties for sale Sort: Default Default Most recent Highest price Lowest price Verification status Premium Plus Top promoted listing 24 photos,1650000,1500.0,1650000.0,Lekki Phase 1,2026-09-14,1,relative,True,Nigeria Property Centre,https://nigeriapropertycentre.com/for-sale/land/residential-land/lagos/lekki/lekki-phase-1/2953424-residential-corner-piece-land-measuring-1-000sqm
f5ef269f42c5c7ff,2026-09-15,Lagos,Eko Atlantic,sale,flat_apartment,5,"Premium 12 $2,800,000 Flat / apartment for sale Exquisite 5 Bedroom Penthouse Suite Eden Heights, a 15-floor residential development on Elsie Femi Pearse Street in Victoria Island,",,250.0,,Eko Atlantic,2026-09-14,1,relative,True,Nigeria Property Centre,https://nigeriapropertycentre.com/for-sale/flats-apartments/lagos/victoria-island/3674521-exquisite-5-bedroom-penthouse-suite
bc865ec72d29be91,2026-09-15,Lagos,Eko Atlantic,sale,flat_apartment,4,Premium 11 Video,900000000,250.0,3600000.0,Eko Atlantic,2026-09-15,0,relative,True,Nigeria Property Centre,https://nigeriapropertycentre.com/for-sale/flats-apartments/lagos/victoria-island/3676279-luxurious-high-rise-4-bedroom-apartment-and-service-quaters
b28b34f63e31b21c,2026-09-15,Lagos,Eko Atlantic,sale,flat_apartment,3,"Premium 9 ₦700,000,000 Flat / apartment for sale 3 Bedroom Apartment Experience contemporary city living in this stunning 3-bedroom apartment situated in the prestigious and highly",700000000,,,Eko Atlantic,2026-09-15,0,relative,True,Nigeria Property Centre,https://nigeriapropertycentre.com/for-sale/flats-apartments/lagos/victoria-island/3676229-3-bedroom-apartment
3006f42c1a96603d,2026-09-15,Lagos,Eko Atlantic,sale,flat_apartment,2,Premium 18,350000000,,,Eko Atlantic,2026-09-15,0,relative,True,Nigeria Property Centre,https://nigeriapropertycentre.com/for-sale/flats-apartments/lagos/victoria-island/oniru/3676018-cozy-2-bedroom-apartment
1747ddfa948fbc6d,2026-09-15,Lagos,Eko Atlantic,sale,flat_apartment,3,Premium 13,620000000,,,Eko Atlantic,2026-09-14,1,relative,True,Nigeria Property Centre,https://nigeriapropertycentre.com/for-sale/flats-apartments/lagos/victoria-island/3675248-3-bedroom-flat-with-bq
bf0ab0f0fe376bff,2026-09-15,Lagos,Eko Atlantic,sale,flat_apartment,5,"1–21 of 1,570 properties for sale Sort: Default Default Most recent Highest price Lowest price Verification status Premium Plus Top promoted listing 13 photos",520000000,250.0,2080000.0,Eko Atlantic,2026-09-15,0,relative,True,Nigeria Property Centre,https://nigeriapropertycentre.com/for-sale/flats-apartments/lagos/victoria-island/3648647-4-bedroom-apartment-with-bq
397805367881e1a4,2026-09-15,Lagos,Eko Atlantic,rent,flat_apartment,3,"Premium 6 ₦15,000,000 /yr Flat / apartment for rent Massive 3 Bedroom Apartment Semi Direct brief. Massive 3 bedroom Apartment Location: Oniru Rent - 15m Sc - 3m Agency - 10% Legal",15000000,,,Eko Atlantic,2026-09-15,0,relative,True,Nigeria Property Centre,https://nigeriapropertycentre.com/for-rent/flats-apartments/lagos/victoria-island/oniru/3676375-massive-3-bedroom-apartment
c9f75527298f71f8,2026-09-15,Lagos,Eko Atlantic,rent,flat_apartment,1,Premium 19,9000000,,,Eko Atlantic,2026-09-15,0,relative,True,Nigeria Property Centre,https://nigeriapropertycentre.com/for-rent/flats-apartments/mini-flats/lagos/victoria-island/oniru/3676308-luxury-1-bedroom-mini-flat-with-visitors-toilet
b29a7dfe5f55db0a,2026-09-15,Lagos,Eko Atlantic,rent,flat_apartment,2,Premium 17,10000000,,,Eko Atlantic,2026-09-15,0,relative,True,Nigeria Property Centre,https://nigeriapropertycentre.com/for-rent/flats-apartments/lagos/victoria-island/3676176-2-bedroom-duplex
63b6398b477ea627,2026-09-15,Lagos,Eko Atlantic,rent,flat_apartment,3,"1–21 of 2,211 properties for rent Sort: Default Default Most recent Highest price Lowest price Verification status Premium Plus Top promoted listing 13 photos Video",60000000,250.0,240000.0,Eko Atlantic,2026-09-15,0,relative,True,Nigeria Property Centre,https://nigeriapropertycentre.com/for-rent/flats-apartments/self-contained/lagos/victoria-island/3618188-fully-serviced-studio-apartment
8fc0fdb631aa4356,2026-09-15,Lagos,Eko Atlantic,rent,flat_apartment,2,Premium 11,25000000,,,Eko Atlantic,2026-09-15,0,relative,True,Nigeria Property Centre,https://nigeriapropertycentre.com/for-rent/flats-apartments/lagos/victoria-island/oniru/3675959-a-fully-serviced-2-bedroom-apartment-with-a-room-bq
d869b77453ee1710,2026-09-15,Lagos,Eko Atlantic,rent,flat_apartment,3,Premium 13,20000000,,,Eko Atlantic,2026-09-15,0,relative,True,Nigeria Property Centre,https://nigeriapropertycentre.com/for-rent/flats-apartments/lagos/victoria-island/oniru/3675954-3-bedroom-flat-with-bq
885c58d6319fa97e,2026-09-15,Lagos,Eko Atlantic,rent,flat_apartment,3,"1–21 of 2,211 properties for rent Sort: Default Default Most recent Highest price Lowest price Verification status Premium Plus Top promoted listing 13 photos Video",60000000,250.0,240000.0,Eko Atlantic,2026-09-15,0,relative,True,Nigeria Property Centre,https://nigeriapropertycentre.com/for-rent/flats-apartments/mini-flats/lagos/victoria-island/oniru/3585912-mini-flat
06d793dd7eb2a892,2026-09-15,Lagos,Eko Atlantic,land_sale,land,,"Premium ₦3,100,000,000 Residential land for sale Land For sale on Akin olugbade Street Victoria Island Size: 1058m2 Price 3.1b Title C of O Akin Olugbade Street, Victoria Island (V",3100000000,1058.0,2930056.71,Eko Atlantic,2026-09-14,1,relative,True,Nigeria Property Centre,https://nigeriapropertycentre.com/for-sale/land/residential-land/lagos/victoria-island/3675698-land
1e319362f482a170,2026-09-15,Lagos,Eko Atlantic,land_sale,land,4,1–20 of 82 properties for sale Sort: Default Default Most recent Highest price Lowest price Verification status Premium,3100000000,1058.0,2700000.0,Eko Atlantic,2026-09-14,1,relative,True,Nigeria Property Centre,https://nigeriapropertycentre.com/for-sale/land/residential-land/lagos/victoria-island/3675598-residential-land-corner-piece
62ed190fb6f86abe,2026-09-15,Lagos,Eko Atlantic,land_sale,land,4,1–20 of 82 properties for sale Sort: Default Default Most recent Highest price Lowest price Verification status Premium,3100000000,1058.0,2700000.0,Eko Atlantic,2026-09-14,1,relative,True,Nigeria Property Centre,https://nigeriapropertycentre.com/for-sale/land/residential-land/lagos/victoria-island/3659912-waterfront-residential-land
b9264892ef85e473,2026-09-15,Lagos,Eko Atlantic,land_sale,land,,"Premium 1 $1,600 per sq.m Residential land for sale 2,300 SQM Land Location: Eko Atlantic City, Victoria Island, Lagos Property Type: Development Land Land Size: 2,300 SQM Price: U",,2300.0,,Eko Atlantic,2026-09-14,1,relative,True,Nigeria Property Centre,https://nigeriapropertycentre.com/for-sale/land/residential-land/lagos/victoria-island/3675051-2300-sqm-land
10bc469ab60d1e55,2026-09-15,Lagos,Eko Atlantic,land_sale,land,4,1–20 of 82 properties for sale Sort: Default Default Most recent Highest price Lowest price Verification status Premium,3100000000,1058.0,2700000.0,Eko Atlantic,2026-09-14,1,relative,True,Nigeria Property Centre,https://nigeriapropertycentre.com/for-sale/land/residential-land/lagos/victoria-island/3673667-residential-land
dfb5f2c50f78260b,2026-09-15,Lagos,Eko Atlantic,land_sale,land,4,1–20 of 82 properties for sale Sort: Default Default Most recent Highest price Lowest price Verification status Premium,3100000000,1058.0,2700000.0,Eko Atlantic,2026-09-14,1,relative,True,Nigeria Property Centre,https://nigeriapropertycentre.com/for-sale/land/residential-land/lagos/victoria-island/3672989-land-in-victoria-island
fcac9ab224959617,2026-09-15,Lagos,Eko Atlantic,land_sale,land,4,1–20 of 82 properties for sale Sort: Default Default Most recent Highest price Lowest price Verification status Premium,3100000000,1058.0,2700000.0,Eko Atlantic,2026-09-14,1,relative,True,Nigeria Property Centre,https://nigeriapropertycentre.com/for-sale/land/residential-land/lagos/victoria-island/3665805-4000-sqm-land
d173e507fbe4f375,2026-09-15,Lagos,Eko Atlantic,land_sale,land,4,1–20 of 82 properties for sale Sort: Default Default Most recent Highest price Lowest price Verification status Premium,3100000000,1058.0,2700000.0,Eko Atlantic,2026-09-14,1,relative,True,Nigeria Property Centre,https://nigeriapropertycentre.com/for-sale/land/residential-land/lagos/victoria-island/3660716-residential-land
c5242e664e1489a4,2026-09-15,Lagos,Eko Atlantic,land_sale,land,4,1–20 of 82 properties for sale Sort: Default Default Most recent Highest price Lowest price Verification status Premium,3100000000,1058.0,2700000.0,Eko Atlantic,2026-09-14,1,relative,True,Nigeria Property Centre,https://nigeriapropertycentre.com/for-sale/land/residential-land/lagos/victoria-island/oniru/3659834-residential-land-with-water-iew
83cbb95e62ce5bbd,2026-09-15,Lagos,Eko Atlantic,land_sale,land,4,1–20 of 82 properties for sale Sort: Default Default Most recent Highest price Lowest price Verification status Premium,3100000000,1058.0,2700000.0,Eko Atlantic,2026-09-14,1,relative,True,Nigeria Property Centre,https://nigeriapropertycentre.com/for-sale/land/residential-land/lagos/victoria-island/oniru/3643145-residential-land-1-300sqm-with-demolishable-structure
d4e9a03ee761d6f4,2026-09-15,Lagos,Eko Atlantic,land_sale,land,4,1–20 of 82 properties for sale Sort: Default Default Most recent Highest price Lowest price Verification status Premium,3100000000,1058.0,2700000.0,Eko Atlantic,2026-09-14,1,relative,True,Nigeria Property Centre,https://nigeriapropertycentre.com/for-sale/land/residential-land/lagos/victoria-island/3654480-residential-land
cd9019d634e08339,2026-09-15,Lagos,Eko Atlantic,land_sale,land,4,1–20 of 82 properties for sale Sort: Default Default Most recent Highest price Lowest price Verification status Premium,3100000000,1058.0,2700000.0,Eko Atlantic,2026-09-14,1,relative,True,Nigeria Property Centre,https://nigeriapropertycentre.com/for-sale/land/residential-land/lagos/victoria-island/3558630-prime-land-and-detached-house
c1263633b8713f31,2026-09-15,Lagos,Ikeja GRA,sale,flat_apartment,2,"Premium 1 ₦52,000,000 Flat / apartment for sale Premium 2-Bedroom Apartment Beautifully Finished 2 Bedroom Apartment ---",52000000,,,Ikeja GRA,2026-09-15,0,relative,True,Nigeria Property Centre,https://nigeriapropertycentre.com/for-sale/flats-apartments/lagos/ikeja/alausa/3676387-premium-2-bedroom-apartment-beautifully-finished
0547849a8c5f389d,2026-09-15,Lagos,Ikeja GRA,sale,flat_apartment,1,Premium 14,65000000,,,Ikeja GRA,2026-09-15,0,relative,True,Nigeria Property Centre,https://nigeriapropertycentre.com/for-sale/flats-apartments/mini-flats/lagos/ikeja/ogba/3676173-lovely-built-1-bedroom-apartment-in-serene-environment
86b9c0f64922410a,2026-09-15,Lagos,Ikeja GRA,sale,flat_apartment,3,"Premium 7 ₦450,000,000 Flat / apartment for sale 3 Bedrooms Apartment All rooms ensuite 3bedrooms terrace with 1 room bq @ gra Ikeja. Title: C of O. Price: 450m Asking GRA Ikeja, I",450000000,,,Ikeja GRA,2026-09-15,0,relative,True,Nigeria Property Centre,https://nigeriapropertycentre.com/for-sale/flats-apartments/lagos/ikeja/gra/3676037-3-bedrooms-apartment
13964af51cd49466,2026-09-15,Lagos,Ikeja GRA,sale,flat_apartment,2,Premium 11,150000000,,,Ikeja GRA,2026-09-15,0,relative,True,Nigeria Property Centre,https://nigeriapropertycentre.com/for-sale/flats-apartments/lagos/ikeja/ogba/3675955-newly-built-2-bedroom-luxury-apartment
fb4ee144b6f3c9eb,2026-09-15,Lagos,Ikeja GRA,sale,flat_apartment,3,e - Beautiful woodworks - Great ambiance - Fully Fitted kitchen - Beautiful chandeliers - Clean water - Balcony - Water Heaters - Pop Ceiling Title: Certificate of occupancy Price:,200000000,,,Ikeja GRA,2026-09-15,0,relative,True,Nigeria Property Centre,https://nigeriapropertycentre.com/for-sale/flats-apartments/lagos/ikeja/opebi/3675887-nicely-built-3-bedroom-apartment-with-certificate-of-occupancy
db17a42ff1ea0592,2026-09-15,Lagos,Ikeja GRA,sale,flat_apartment,4,Premium 12,500000000,,,Ikeja GRA,2026-09-15,0,relative,True,Nigeria Property Centre,https://nigeriapropertycentre.com/for-sale/flats-apartments/lagos/ikeja/gra/3675849-4-bedrooms-apartment
6916bf200952fb3c,2026-09-15,Lagos,Ikeja GRA,sale,flat_apartment,2,"Premium 7 ₦175,000,000 Flat / apartment for sale Modern 2 Bedroom Apartment Premium 2 Bedroom Apartment in Ikeja, only 10 minutes from the International Airport Road, Location - Ik",175000000,,,Ikeja GRA,2026-09-14,1,relative,True,Nigeria Property Centre,https://nigeriapropertycentre.com/for-sale/flats-apartments/lagos/ikeja/3675608-modern-2-bedroom-apartment
53a021ed7aed6ad9,2026-09-15,Lagos,Ikeja GRA,sale,flat_apartment,2,Premium 17,85000000,,,Ikeja GRA,2026-09-14,1,relative,True,Nigeria Property Centre,https://nigeriapropertycentre.com/for-sale/flats-apartments/lagos/ikeja/ogba/3675574-exquisite-2-bedroom-apartment-in-serene-environment
cf4d543341e0e517,2026-09-15,Lagos,Ikeja GRA,sale,flat_apartment,3,Premium 18,200000000,,,Ikeja GRA,2026-09-14,1,relative,True,Nigeria Property Centre,https://nigeriapropertycentre.com/for-sale/flats-apartments/lagos/ikeja/opebi/3675491-3-bedroom-apartment
7c0665d04eef77df,2026-09-15,Lagos,Ikeja GRA,sale,flat_apartment,2,"emium luxury residence in the heart of Ikeja, one of Lagos' most prestigious and high-demand locations. Luxury 2-Bedroom Flat+ 1 Boys' Quarter Location: Opebi , Ikeja, Lagos Price:",180000000,,,Ikeja GRA,2026-09-15,0,relative,True,Nigeria Property Centre,https://nigeriapropertycentre.com/for-sale/flats-apartments/lagos/ikeja/opebi/3461703-classic-2-bedroom-flat-bq-in-lovely-location
2df0c9de899a003f,2026-09-15,Lagos,Ikeja GRA,sale,flat_apartment,2,"Premium 8 ₦85,000,000 Flat / apartment for sale 2 Bedroom Mini Flat Newly built 2-bedroom mini flat Location: Ogba, Lagos Price:",85000000,,,Ikeja GRA,2026-09-14,1,relative,True,Nigeria Property Centre,https://nigeriapropertycentre.com/for-sale/flats-apartments/lagos/ikeja/ogba/3675035-2-bedroom-mini-flat
e54b577e7003d011,2026-09-15,Lagos,Ikeja GRA,sale,flat_apartment,2,"Marq Airport Road, Ikeja a fully furnished hospitality-inspired development positioned for comfortable living and strong short-let income. Available unit - 2-Bedroom Apartment ---",180000000,,,Ikeja GRA,2026-09-14,1,relative,True,Nigeria Property Centre,https://nigeriapropertycentre.com/for-sale/flats-apartments/lagos/ikeja/3674167-2-bedroom-furnished-apartment
0be5d0bc70d528f4,2026-09-15,Lagos,Ikeja GRA,land_sale,land,5,1–21 of 281 properties for sale Sort: Default Default Most recent Highest price Lowest price Verification status Premium Plus Top promoted listing 1 photo,15000000000,445.804,2600000.0,Ikeja GRA,2026-09-15,0,relative,True,Nigeria Property Centre,https://nigeriapropertycentre.com/for-sale/land/residential-land/lagos/ikeja/gra/3614070-6-445804-sqm-prime-residential-land
c937e690450cb281,2026-09-15,Lagos,Ikeja GRA,land_sale,land,,"Premium 1 ₦2,600,000 per sq.m Residential land for sale Prime Bare Land of Approximately 535SQM For sale a prime bare land of approximately 535sqm located in a secured and Serene C",2600000,535.0,2600000.0,Ikeja GRA,2026-09-15,0,relative,True,Nigeria Property Centre,https://nigeriapropertycentre.com/for-sale/land/residential-land/lagos/ikeja/gra/3676073-prime-bare-land-of-approximately-535sqm
9764ae1f8da5636c,2026-09-15,Lagos,Ikeja GRA,land_sale,land,,"Premium 1 ₦220,000,000 per plot Residential land for sale 669.516SQM Residential Land For sales Location Omole Residential Scheme Block A Plot 22. Land size 669.516 sqm Price",220000000,669.516,328595.58,Ikeja GRA,2026-09-15,0,relative,True,Nigeria Property Centre,https://nigeriapropertycentre.com/for-sale/land/residential-land/lagos/ikeja/omole-phase-1/3675724-669516sqm-residential-land
317ed9932378cad6,2026-09-15,Lagos,Ikeja GRA,land_sale,land,,"Premium 1 ₦75,000,000 Residential land for sale Residential Land Half Plot For sale Location: At Adeniyi oke Street Akiode, Ikeja Lagos State. Land Size: ~30/120 (half plot of Land",75000000,,,Ikeja GRA,2026-09-14,1,relative,True,Nigeria Property Centre,https://nigeriapropertycentre.com/for-sale/land/residential-land/lagos/ikeja/3674457-residential-land-half-plot
a5be20496238b3f1,2026-09-15,Lagos,Ikeja GRA,land_sale,land,5,1–21 of 281 properties for sale Sort: Default Default Most recent Highest price Lowest price Verification status Premium Plus Top promoted listing 1 photo,15000000000,445.804,2600000.0,Ikeja GRA,2026-09-15,0,relative,True,Nigeria Property Centre,https://nigeriapropertycentre.com/for-sale/land/residential-land/lagos/ikeja/ogba/3668272-residential-land-plot
2105dff1bf039363,2026-09-15,Lagos,Ikeja GRA,land_sale,land,5,1–21 of 281 properties for sale Sort: Default Default Most recent Highest price Lowest price Verification status Premium Plus Top promoted listing 1 photo,15000000000,445.804,2600000.0,Ikeja GRA,2026-09-15,0,relative,True,Nigeria Property Centre,https://nigeriapropertycentre.com/for-sale/land/residential-land/lagos/ikeja/ogba/3673331-residential-land
731845c528ee90d3,2026-09-15,Lagos,Ikeja GRA,land_sale,land,5,1–21 of 281 properties for sale Sort: Default Default Most recent Highest price Lowest price Verification status Premium Plus Top promoted listing 1 photo,15000000000,445.804,2600000.0,Ikeja GRA,2026-09-15,0,relative,True,Nigeria Property Centre,https://nigeriapropertycentre.com/for-sale/land/residential-land/lagos/ikeja/omole-phase-2/3671932-residential-land
22477406921ca1f4,2026-09-15,Lagos,Ikeja GRA,land_sale,land,5,1–21 of 281 properties for sale Sort: Default Default Most recent Highest price Lowest price Verification status Premium Plus Top promoted listing 1 photo,15000000000,445.804,2600000.0,Ikeja GRA,2026-09-15,0,relative,True,Nigeria Property Centre,https://nigeriapropertycentre.com/for-sale/land/residential-land/lagos/ikeja/agidingbi/3594341-400sqm-of-premium-residential-land-with-c-of-o
641f94f2fe661815,2026-09-15,Lagos,Ikeja GRA,land_sale,land,5,1–21 of 281 properties for sale Sort: Default Default Most recent Highest price Lowest price Verification status Premium Plus Top promoted listing 1 photo,15000000000,445.804,2600000.0,Ikeja GRA,2026-09-15,0,relative,True,Nigeria Property Centre,https://nigeriapropertycentre.com/for-sale/land/residential-land/lagos/ikeja/3615203-500-sqm-residential-land
934ce6381f476c4a,2026-09-15,Lagos,Ikeja GRA,land_sale,land,5,1–21 of 281 properties for sale Sort: Default Default Most recent Highest price Lowest price Verification status Premium Plus Top promoted listing 1 photo,15000000000,445.804,2600000.0,Ikeja GRA,2026-09-15,0,relative,True,Nigeria Property Centre,https://nigeriapropertycentre.com/for-sale/land/residential-land/lagos/ikeja/gra/3642894-residential-land
42eec83dc25c6288,2026-09-15,Lagos,Ikeja GRA,land_sale,land,5,1–21 of 281 properties for sale Sort: Default Default Most recent Highest price Lowest price Verification status Premium Plus Top promoted listing 1 photo,15000000000,445.804,2600000.0,Ikeja GRA,2026-09-15,0,relative,True,Nigeria Property Centre,https://nigeriapropertycentre.com/for-sale/land/residential-land/lagos/ikeja/opebi/3670384-residential-land-with-4-flats
04e3b27010e3d24d,2026-09-15,Lagos,Ikeja GRA,land_sale,land,5,1–21 of 281 properties for sale Sort: Default Default Most recent Highest price Lowest price Verification status Premium Plus Top promoted listing 1 photo,15000000000,445.804,2600000.0,Ikeja GRA,2026-09-15,0,relative,True,Nigeria Property Centre,https://nigeriapropertycentre.com/for-sale/land/residential-land/lagos/ikeja/omole-phase-1/3670256-residential-land-with-demolishable-bungalow
e67c7722a85b8aff,2026-09-15,Lagos,Ikeja GRA,rent,flat_apartment,2,"Premium 3 ₦3,000,000 /yr Flat / apartment for rent Lovely 2 Bedroom Flat Ajayi Road, Ogba, Ikeja, Lagos Added today 2 beds 2 baths 3 toilets Owoyemi Olajide & Co",3000000,,,Ikeja GRA,2026-09-15,0,relative,True,Nigeria Property Centre,https://nigeriapropertycentre.com/for-rent/flats-apartments/lagos/ikeja/ogba/3676075-lovely-2-bedroom-flat
bc5c075f09a90f74,2026-09-15,Lagos,Ikeja GRA,rent,flat_apartment,2,Premium 10,4500000,,,Ikeja GRA,2026-09-14,1,relative,True,Nigeria Property Centre,https://nigeriapropertycentre.com/for-rent/flats-apartments/lagos/ikeja/omole-phase-2/3675656-newly-built-luxury-2-bedroom-flat
2d91894da9b56b9e,2026-09-15,Lagos,Ikeja GRA,rent,flat_apartment,2,Premium 10,4500000,,,Ikeja GRA,2026-09-14,1,relative,True,Nigeria Property Centre,https://nigeriapropertycentre.com/for-rent/flats-apartments/lagos/ikeja/omole-phase-2/3675639-a-newly-built-spacious-2-bedroom-flat
1de71cc9d4b4cb3d,2026-09-15,Lagos,Ikeja GRA,rent,flat_apartment,2,"Premium ₦4,500,000 /yr Flat / apartment for rent 2 Bedroom Flat Just out to let!!! Newly built 2 bedroom flat at Z A Williams kayfarm estate obawole. 4m down at 4.5m up. Call for i",4500000,,,Ikeja GRA,2026-09-14,1,relative,True,Nigeria Property Centre,https://nigeriapropertycentre.com/for-rent/flats-apartments/lagos/ikeja/ogba/3675157-2-bedroom-flat
1eee10c78f3f34b9,2026-09-15,Lagos,Ikeja GRA,rent,flat_apartment,1,"Premium 7 ₦1,600,000 /yr Mini flat (room and parlour) for rent Spacious Mini Flat with Extra Lobby Off Ajayi Road, Ogba, Ikeja, Lagos Added yesterday 1 bed Ojoor Properties and Glo",1600000,,,Ikeja GRA,2026-09-14,1,relative,True,Nigeria Property Centre,https://nigeriapropertycentre.com/for-rent/flats-apartments/mini-flats/lagos/ikeja/ogba/3674354-spacious-mini-flat-with-extra-lobby
8f73299113f3a732,2026-09-15,Lagos,Ikeja GRA,rent,flat_apartment,3,edroom Flat 3-bedroom flat omole estate phase property details: - Type: 3-Bedroom Flat - Location: Omole Estate Phase 2 - Very Good Location - Client: Corporate Client Needed rent:,8000000,,,Ikeja GRA,2026-09-14,1,relative,True,Nigeria Property Centre,https://nigeriapropertycentre.com/for-rent/flats-apartments/lagos/ikeja/omole-phase-2/3673874-specious-3-bedroom-flat
22745791a2a34fa7,2026-09-15,Lagos,Ikeja GRA,rent,flat_apartment,3,1–20 of 541 properties for rent Sort: Default Default Most recent Highest price Lowest price Verification status Premium 12,30000000,,,Ikeja GRA,2026-09-15,0,relative,True,Nigeria Property Centre,https://nigeriapropertycentre.com/for-rent/flats-apartments/mini-flats/lagos/ikeja/ogba/3673183-newly-built-mini-flat
02dd37c9408b701c,2026-09-15,Lagos,Ikeja GRA,rent,flat_apartment,3,1–20 of 541 properties for rent Sort: Default Default Most recent Highest price Lowest price Verification status Premium 12,30000000,,,Ikeja GRA,2026-09-15,0,relative,True,Nigeria Property Centre,https://nigeriapropertycentre.com/for-rent/flats-apartments/mini-flats/lagos/ikeja/ogba/3449717-a-room-and-parlour-upstairs-with-2-toilets
5faf2c19af54605f,2026-09-15,Lagos,Ikeja GRA,rent,flat_apartment,3,1–20 of 541 properties for rent Sort: Default Default Most recent Highest price Lowest price Verification status Premium 12,30000000,,,Ikeja GRA,2026-09-15,0,relative,True,Nigeria Property Centre,https://nigeriapropertycentre.com/for-rent/flats-apartments/self-contained/lagos/ikeja/oregun/3672697-beautiful-fully-furnished-massive-room-self-contain-upstairs
1c5917c18587435a,2026-09-15,Abuja,Asokoro,sale,flat_apartment,3,Premium 6 Video,600000000,,,Asokoro,2026-09-15,0,relative,True,Nigeria Property Centre,https://nigeriapropertycentre.com/for-sale/flats-apartments/abuja/asokoro-district/3676351-3-bedroom-apartment-with-maid-room
6e4e5a457882f516,2026-09-15,Abuja,Asokoro,sale,flat_apartment,3,"art of Asokoro Main --- a contemporary community designed for those who seek quiet, refined, and prestigious living. Mshel elite villa -- asokoro apartments 3-Bedroom Apartment ---",205000000,,,Asokoro,2026-09-15,0,relative,True,Nigeria Property Centre,https://nigeriapropertycentre.com/for-sale/flats-apartments/abuja/asokoro-district/3484569-3-bedroom-apartment
419a147718b8c8c1,2026-09-15,Abuja,Asokoro,land_sale,land,,"Premium 4 ₦60,000,000 Residential land for sale New Asokoro Opportunity 1,315SQM Plot 16756 New Asokoro opportunity 1,315sqm Plot 16756",60000000,1315.0,45627.38,Asokoro,2026-09-14,1,relative,True,Nigeria Property Centre,https://nigeriapropertycentre.com/for-sale/land/residential-land/abuja/asokoro-district/3675444-new-asokoro-opportunity-1315sqm-plot-16756
527ee0acb7d9ccf8,2026-09-15,Abuja,Asokoro,land_sale,land,,"Premium 3 ₦198,750,000 per plot Residential land for sale Estate Land Behind Ait, Asokoro District, Abuja Added yesterday 5 Parking 250 sqm Xtric Global Limited",198750000,250.0,795000.0,Asokoro,2026-09-14,1,relative,True,Nigeria Property Centre,https://nigeriapropertycentre.com/for-sale/land/residential-land/abuja/asokoro-district/3674605-estate-land
aea21df69e3da3e0,2026-09-15,Abuja,Asokoro,land_sale,land,,"Premium 3 ₦35,000,000 per plot Residential land for sale Residential Land Crown hill city Asokoro, Abuja. 250 sqm goes for 35m, we also have 400sqm, 533sqm and 800sqm. Fcda C of O ",35000000,250.0,140000.0,Asokoro,2026-09-14,1,relative,True,Nigeria Property Centre,https://nigeriapropertycentre.com/for-sale/land/residential-land/abuja/asokoro-district/3674110-residential-land
b11c3241070422b9,2026-09-15,Abuja,Asokoro,land_sale,land,4,1–20 of 126 properties for sale Sort: Default Default Most recent Highest price Lowest price Verification status Premium 4,60000000,1315.0,198750000.0,Asokoro,2026-09-15,0,relative,True,Nigeria Property Centre,https://nigeriapropertycentre.com/for-sale/land/residential-land/abuja/asokoro-district/3669331-residential-land
6d7c509a2cf08e1c,2026-09-15,Abuja,Asokoro,land_sale,land,4,1–20 of 126 properties for sale Sort: Default Default Most recent Highest price Lowest price Verification status Premium 4,60000000,1315.0,198750000.0,Asokoro,2026-09-15,0,relative,True,Nigeria Property Centre,https://nigeriapropertycentre.com/for-sale/land/residential-land/abuja/asokoro-district/3669288-residential-land-in-asokoro
924c228375a76641,2026-09-15,Abuja,Asokoro,land_sale,land,4,1–20 of 126 properties for sale Sort: Default Default Most recent Highest price Lowest price Verification status Premium 4,60000000,1315.0,198750000.0,Asokoro,2026-09-15,0,relative,True,Nigeria Property Centre,https://nigeriapropertycentre.com/for-sale/land/residential-land/abuja/asokoro-district/3668241-residential-land-plot
26e29ac106b56ff7,2026-09-15,Abuja,Asokoro,land_sale,land,4,1–20 of 126 properties for sale Sort: Default Default Most recent Highest price Lowest price Verification status Premium 4,60000000,1315.0,198750000.0,Asokoro,2026-09-15,0,relative,True,Nigeria Property Centre,https://nigeriapropertycentre.com/for-sale/land/residential-land/abuja/asokoro-district/3588990-residential-estate-plot
6c93d328c375dc1a,2026-09-15,Abuja,Asokoro,land_sale,land,4,1–20 of 126 properties for sale Sort: Default Default Most recent Highest price Lowest price Verification status Premium 4,60000000,1315.0,198750000.0,Asokoro,2026-09-15,0,relative,True,Nigeria Property Centre,https://nigeriapropertycentre.com/for-sale/land/residential-land/abuja/asokoro-district/3602027-residential-land
2705661e02296dc9,2026-09-15,Abuja,Asokoro,land_sale,land,4,1–20 of 126 properties for sale Sort: Default Default Most recent Highest price Lowest price Verification status Premium 4,60000000,1315.0,198750000.0,Asokoro,2026-09-15,0,relative,True,Nigeria Property Centre,https://nigeriapropertycentre.com/for-sale/land/residential-land/abuja/asokoro-district/3574102-vacant-land-measuring-1-052sqm
d9ba09456409ac48,2026-09-15,Abuja,Asokoro,land_sale,land,4,1–20 of 126 properties for sale Sort: Default Default Most recent Highest price Lowest price Verification status Premium 4,60000000,1315.0,198750000.0,Asokoro,2026-09-15,0,relative,True,Nigeria Property Centre,https://nigeriapropertycentre.com/for-sale/land/residential-land/abuja/asokoro-district/3647812-residential-land
540e88dbd21d2051,2026-09-15,Abuja,Asokoro,land_sale,land,,Mshel Villa Estate Asokoro New listings -- Asokoro main Discover premium real estate in one of Abuja's most prestigious and secure locations. Available options Land Sizes: 250sqm -,222000000,350.0,634285.71,Asokoro,2026-09-15,0,relative,True,Nigeria Property Centre,https://nigeriapropertycentre.com/for-sale/land/residential-land/abuja/asokoro-district/3470892-residential-estate-plot-350sqm-in-mshel-villa-estate-asokoro
75df23721eb0f508,2026-09-15,Abuja,Asokoro,land_sale,land,4,1–20 of 126 properties for sale Sort: Default Default Most recent Highest price Lowest price Verification status Premium 4,60000000,1315.0,198750000.0,Asokoro,2026-09-15,0,relative,True,Nigeria Property Centre,https://nigeriapropertycentre.com/for-sale/land/residential-land/abuja/asokoro-district/3641950-residential-land
56e465f5834baa83,2026-09-15,Abuja,Asokoro,rent,flat_apartment,3,"ished Serviced Apartment Exclusive: 3 Bedroom fully furnished and serviced apartment Location: Asokoro district abuja. Rent: $40,000 per annum. (SLIGHTLY negotiable) service charge",,,,Asokoro,2026-09-14,1,relative,True,Nigeria Property Centre,https://nigeriapropertycentre.com/for-rent/flats-apartments/abuja/asokoro-district/3675567-3-bedroom-furnished-serviced-apartment
a9edc0f9c849ae5f,2026-09-15,Abuja,Asokoro,rent,flat_apartment,2,drooms Boys' Quarters (BQ) -- suitable for rental or staff accommodation Located in a serene and secure neighborhood Excellent road network and easy access to major landmarks Rent:,15000000,,,Asokoro,2026-09-15,0,relative,True,Nigeria Property Centre,https://nigeriapropertycentre.com/for-rent/flats-apartments/abuja/asokoro-district/3596182-very-spacious-2-bedroom-apartment-bq
882a0c13cfd43929,2026-09-15,Abuja,Maitama,rent,flat_apartment,2,-Fully serviced 2-bedroom flat -24-hour power supply -Swimming pool -Fully equipped gym -Modern and well-maintained facilities -Secure and serene environment Rental Details: -Rent:,15000000,,,Maitama,2026-09-15,0,relative,True,Nigeria Property Centre,https://nigeriapropertycentre.com/for-rent/flats-apartments/abuja/maitama-district/3676060-nice-finished-serviced-2-bedroom-flat
3082a25811e1faec,2026-09-15,Abuja,Maitama,rent,flat_apartment,3,Premium 10,30000000,,,Maitama,2026-09-15,0,relative,True,Nigeria Property Centre,https://nigeriapropertycentre.com/for-rent/flats-apartments/abuja/maitama-district/3675675-3-bedroom-serviced-apartment
d2d0073ac893f0e5,2026-09-15,Abuja,Maitama,rent,flat_apartment,2,Premium 11,8000000,,,Maitama,2026-09-14,1,relative,True,Nigeria Property Centre,https://nigeriapropertycentre.com/for-rent/flats-apartments/abuja/maitama-district/3675512-neatly-finished-2-bedroom-apartment-inside-a-secured-estate-with-ac
f09cc44a6c6ea324,2026-09-15,Abuja,Maitama,rent,flat_apartment,2,Premium 1 Video,30000000,,,Maitama,2026-09-14,1,relative,True,Nigeria Property Centre,https://nigeriapropertycentre.com/for-rent/flats-apartments/abuja/maitama-district/3674572-2-bedroom-furnished-flat
e5efe0bb5b1cdf5b,2026-09-15,Abuja,Maitama,land_sale,land,,"Premium ₦2,000,000,000 Residential land for sale Residential Land Maitama Main Land For Sale Residential Size: 1,053.98 on paper Title: Fcda C of O Price: 2 b net Inspection fee ap",2000000000,,,Maitama,2026-09-14,1,relative,True,Nigeria Property Centre,https://nigeriapropertycentre.com/for-sale/land/residential-land/abuja/maitama-district/3673787-residential-land
c28e1267acae406c,2026-09-15,Abuja,Maitama,land_sale,land,5,1–20 of 126 properties for sale Sort: Default Default Most recent Highest price Lowest price Verification status Premium 4,20000000,10000.0,2000.0,Maitama,2026-09-15,0,relative,True,Nigeria Property Centre,https://nigeriapropertycentre.com/for-sale/land/residential-land/abuja/maitama-district/3673562-distress-1400sqm-residential-land
49babfc0b8a19100,2026-09-15,Abuja,Maitama,land_sale,land,5,1–20 of 126 properties for sale Sort: Default Default Most recent Highest price Lowest price Verification status Premium 4,20000000,10000.0,2000.0,Maitama,2026-09-15,0,relative,True,Nigeria Property Centre,https://nigeriapropertycentre.com/for-sale/land/residential-land/abuja/maitama-district/3672673-residential-plot-measuring-1053sqm
93f384c4fec6fb0d,2026-09-15,Abuja,Maitama,land_sale,land,5,1–20 of 126 properties for sale Sort: Default Default Most recent Highest price Lowest price Verification status Premium 4,20000000,10000.0,2000.0,Maitama,2026-09-15,0,relative,True,Nigeria Property Centre,https://nigeriapropertycentre.com/for-sale/land/residential-land/abuja/maitama-district/3671034-residential-land-plot
a9323730cad0beb8,2026-09-15,Abuja,Maitama,land_sale,land,5,1–20 of 126 properties for sale Sort: Default Default Most recent Highest price Lowest price Verification status Premium 4,20000000,10000.0,2000.0,Maitama,2026-09-15,0,relative,True,Nigeria Property Centre,https://nigeriapropertycentre.com/for-sale/land/residential-land/abuja/maitama-district/3671033-residential-land
48341da5405d5ec0,2026-09-15,Abuja,Maitama,land_sale,land,5,1–20 of 126 properties for sale Sort: Default Default Most recent Highest price Lowest price Verification status Premium 4,20000000,10000.0,2000.0,Maitama,2026-09-15,0,relative,True,Nigeria Property Centre,https://nigeriapropertycentre.com/for-sale/land/residential-land/abuja/maitama-district/3668037-1000sqm-residential-land
eb88a7afa63bc46e,2026-09-15,Abuja,Maitama,land_sale,land,5,1–20 of 126 properties for sale Sort: Default Default Most recent Highest price Lowest price Verification status Premium 4,20000000,10000.0,2000.0,Maitama,2026-09-15,0,relative,True,Nigeria Property Centre,https://nigeriapropertycentre.com/for-sale/land/residential-land/abuja/maitama-district/3667357-1053sqm-residential-land
3efc7edcb4af80fb,2026-09-15,Abuja,Maitama,land_sale,land,5,1–20 of 126 properties for sale Sort: Default Default Most recent Highest price Lowest price Verification status Premium 4,20000000,10000.0,2000.0,Maitama,2026-09-15,0,relative,True,Nigeria Property Centre,https://nigeriapropertycentre.com/for-sale/land/residential-land/abuja/maitama-district/3667083-980sqm-of-a-residential-land
89de03ca6c5c3e95,2026-09-15,Abuja,Maitama,land_sale,land,5,1–20 of 126 properties for sale Sort: Default Default Most recent Highest price Lowest price Verification status Premium 4,20000000,10000.0,2000.0,Maitama,2026-09-15,0,relative,True,Nigeria Property Centre,https://nigeriapropertycentre.com/for-sale/land/residential-land/abuja/maitama-district/3667079-800sqm-of-a-residential-land
0a20cbbed6003902,2026-09-15,Abuja,Maitama,land_sale,land,5,1–20 of 126 properties for sale Sort: Default Default Most recent Highest price Lowest price Verification status Premium 4,20000000,10000.0,2000.0,Maitama,2026-09-15,0,relative,True,Nigeria Property Centre,https://nigeriapropertycentre.com/for-sale/land/residential-land/abuja/maitama-district/3662742-residential-land-1100-sqm
bfae814532eca6eb,2026-09-15,Abuja,Maitama,land_sale,land,5,1–20 of 126 properties for sale Sort: Default Default Most recent Highest price Lowest price Verification status Premium 4,20000000,10000.0,2000.0,Maitama,2026-09-15,0,relative,True,Nigeria Property Centre,https://nigeriapropertycentre.com/for-sale/land/residential-land/abuja/maitama-district/3662740-residential-land
934340fecb67b031,2026-09-15,Abuja,Maitama,land_sale,land,,"trajectory, offering a premium lifestyle designed for those who want to enjoy life to its fullest potential. Currently Selling Estate Land 450sqm (8 Bedroom Fully Detached Duplex):",825000000,450.0,1833333.33,Maitama,2026-09-15,0,relative,True,Nigeria Property Centre,https://nigeriapropertycentre.com/for-sale/land/residential-land/abuja/maitama-district/3660861-estate-plot-in-a-serene-environment
83bf20eb79c95c49,2026-09-15,Abuja,Wuse,sale,flat_apartment,2,1–20 of 23 properties for sale Sort: Default Default Most recent Highest price Lowest price Verification status Premium 7,135000000,1200.0,112500.0,Wuse,2026-09-15,0,relative,True,Nigeria Property Centre,https://nigeriapropertycentre.com/for-sale/flats-apartments/self-contained/abuja/wuse/zone-5/3026264-strategically-located-functional-40-units-of-studio-apartments
adf7b9d38d8ec1d9,2026-09-15,Abuja,Wuse,sale,flat_apartment,2,1–20 of 23 properties for sale Sort: Default Default Most recent Highest price Lowest price Verification status Premium 7,135000000,1200.0,112500.0,Wuse,2026-09-15,0,relative,True,Nigeria Property Centre,https://nigeriapropertycentre.com/for-sale/flats-apartments/abuja/wuse/zone-3/3586093-16-units-residential-block-of-flats
91cc546f2407f188,2026-09-15,Abuja,Wuse,rent,flat_apartment,4,"Premium 2 ₦7,500,000 /yr Flat / apartment for rent 4 Bedroom Flat A Neatly meantain 4 bedroom flat in a block of flat (3 floor) Location: Wuse zones 6, Plot 45, Yaunda street. Rent",7500000,,,Wuse,2026-09-14,1,relative,True,Nigeria Property Centre,https://nigeriapropertycentre.com/for-rent/flats-apartments/abuja/wuse/3675217-4-bedroom-flat
a9b974e093c51ff7,2026-09-15,Abuja,Wuse,land_sale,land,,Premium 13,1000000000,731.0,1367989.06,Wuse,2026-09-14,1,relative,True,Nigeria Property Centre,https://nigeriapropertycentre.com/for-sale/land/residential-land/abuja/wuse/3675202-prime-multipurpose-land
2901280b57b99d7e,2026-09-15,Abuja,Wuse,land_sale,land,3,1–13 of 13 properties for sale Sort: Default Default Most recent Highest price Lowest price Verification status Premium 13,1000000000,731.0,1367989.06,Wuse,2026-09-14,1,relative,True,Nigeria Property Centre,https://nigeriapropertycentre.com/for-sale/land/residential-land/abuja/wuse/zone-6/3642112-2000sqm-of-a-residential-land-with-old-building
9158bf8c49d592b2,2026-09-15,Abuja,Wuse,land_sale,land,3,1–13 of 13 properties for sale Sort: Default Default Most recent Highest price Lowest price Verification status Premium 13,1000000000,731.0,1367989.06,Wuse,2026-09-14,1,relative,True,Nigeria Property Centre,https://nigeriapropertycentre.com/for-sale/land/residential-land/abuja/wuse/zone-1/3615763-1600sqm-of-a-residential-land
68921565b4cc1199,2026-09-15,Abuja,Wuse,land_sale,land,3,1–13 of 13 properties for sale Sort: Default Default Most recent Highest price Lowest price Verification status Premium 13,1000000000,731.0,1367989.06,Wuse,2026-09-14,1,relative,True,Nigeria Property Centre,https://nigeriapropertycentre.com/for-sale/land/residential-land/abuja/wuse/3604838-a-must-buy-resort-estate-with-plots-of-land-at-18-months-payment
e520f3c7e466b4c3,2026-09-15,Abuja,Wuse,land_sale,land,3,1–13 of 13 properties for sale Sort: Default Default Most recent Highest price Lowest price Verification status Premium 13,1000000000,731.0,1367989.06,Wuse,2026-09-14,1,relative,True,Nigeria Property Centre,https://nigeriapropertycentre.com/for-sale/land/residential-land/abuja/wuse/3642148-1-300-sqm-residential-land
5c1a1b43ae4f64fb,2026-09-15,Abuja,Wuse,land_sale,land,3,1–13 of 13 properties for sale Sort: Default Default Most recent Highest price Lowest price Verification status Premium 13,1000000000,731.0,1367989.06,Wuse,2026-09-14,1,relative,True,Nigeria Property Centre,https://nigeriapropertycentre.com/for-sale/land/residential-land/abuja/wuse/3599069-hutu-exclusive-premium-land-with-fcda
8f2a9f72d94e38eb,2026-09-15,Abuja,Wuse,land_sale,land,3,1–13 of 13 properties for sale Sort: Default Default Most recent Highest price Lowest price Verification status Premium 13,1000000000,731.0,1367989.06,Wuse,2026-09-14,1,relative,True,Nigeria Property Centre,https://nigeriapropertycentre.com/for-sale/land/residential-land/abuja/wuse/3503168-buy-and-build-in-a-gated-estate-with-fcda
99996de1a71f97e4,2026-09-15,Abuja,Wuse,land_sale,land,3,1–13 of 13 properties for sale Sort: Default Default Most recent Highest price Lowest price Verification status Premium 13,1000000000,731.0,1367989.06,Wuse,2026-09-14,1,relative,True,Nigeria Property Centre,https://nigeriapropertycentre.com/for-sale/land/residential-land/abuja/wuse/zone-3/3640335-700sqm-of-a-residential-land
5cb8d7e906b1de5c,2026-09-15,Abuja,Wuse,land_sale,land,3,1–13 of 13 properties for sale Sort: Default Default Most recent Highest price Lowest price Verification status Premium 13,1000000000,731.0,1367989.06,Wuse,2026-09-14,1,relative,True,Nigeria Property Centre,https://nigeriapropertycentre.com/for-sale/land/residential-land/abuja/wuse/zone-5/3518037-935sqm-of-a-residential-land
375fe73062dfd46b,2026-09-15,Abuja,Wuse,land_sale,land,3,1–13 of 13 properties for sale Sort: Default Default Most recent Highest price Lowest price Verification status Premium 13,1000000000,731.0,1367989.06,Wuse,2026-09-14,1,relative,True,Nigeria Property Centre,https://nigeriapropertycentre.com/for-sale/land/residential-land/abuja/wuse/zone-5/3438554-3340sqm
442081cbfb39cbbc,2026-09-15,Abuja,Wuse,land_sale,land,3,1–13 of 13 properties for sale Sort: Default Default Most recent Highest price Lowest price Verification status Premium 13,1000000000,731.0,1367989.06,Wuse,2026-09-14,1,relative,True,Nigeria Property Centre,https://nigeriapropertycentre.com/for-sale/land/residential-land/abuja/wuse/zone-2/3086235-5000sqm-of-residential-land
7b9956bb13805b5a,2026-09-15,Abuja,Wuse,land_sale,land,3,1–13 of 13 properties for sale Sort: Default Default Most recent Highest price Lowest price Verification status Premium 13,1000000000,731.0,1367989.06,Wuse,2026-09-14,1,relative,True,Nigeria Property Centre,https://nigeriapropertycentre.com/for-sale/land/residential-land/abuja/wuse/3362443-residential-land-use
